pub_date,Quarter,sentence,agent,agency,sentiment
2020-10-30T09:00:32+0000,2020Q4,[Follow our live Trump vs Biden 2020 election updates and analysis.],Donald Trump,mentioned,-0.5
2024-10-26T00:21:03+0000,2024Q4,"Trump gave a fiery rebuttal on Friday to two damning quotations attributed to him by The Atlantic magazine, which accused him of disparaging fallen veterans and of making a racist remark about a murdered Mexican-American soldier.",Donald Trump,active,-0.83
2019-02-11T21:23:53+0000,2019Q1,EL PASO — President Trump came to this bustling border city on Monday to rally support for his wall with Mexico.,Donald Trump,active,1.0
2019-02-11T21:23:53+0000,2019Q1,Trump’s claim that walls reduce violent crime and led the city’s residents in his own boisterous show of opposition.,Donald Trump,active,-0.83
2023-02-23T13:06:16+0000,2023Q1,Trump said late Wednesday that details divulged this week by the forewoman of a special grand jury investigating election interference by Mr.,Donald Trump,active,-0.83
2023-02-23T13:06:16+0000,2023Q1,Trump and his allies had “poisoned” the Georgia inquiry.,Donald Trump,passive,-1.0
2020-03-28T14:47:41+0000,2020Q1,"Let me summarize the Trump administration/right-wing media view on the coronavirus: It’s a hoax, or anyway no big deal.",Donald Trump,passive,-1.0
2024-11-06T10:37:55+0000,2024Q4,I remember when Donald Trump was not normal.,Donald Trump,passive,-0.83
2024-10-12T00:19:13+0000,2024Q4,"“Suffs,” a new musical about the American women’s suffrage movement, has a lot going for it: Its producers include Hillary Rodham Clinton and Malala Yousafzai, it won Tony Awards for its score and its book, and its audiences seemed energized by how the show’s themes resonated with the candidacy of Kamala Harris.",Kamala Harris,mentioned,-0.45
2023-08-05T11:00:19+0000,2023Q3,"The free publicity, complete with an online post by Donald Trump, spurred a surge in record sales.",Donald Trump,active,-0.45
2024-11-09T12:00:34+0000,2024Q4,"Kamala Harris lost the election this week, but I mostly don’t blame her.",Kamala Harris,passive,-0.43
2024-09-23T12:59:55+0000,2024Q3,"Trump was golfing in Florida last week, prosecutors said in a court hearing on Monday.",Donald Trump,mentioned,-0.45
2020-04-04T21:23:21+0000,2020Q2,President Trump does.,Donald Trump,active,-1.0
2019-11-29T10:00:39+0000,2019Q4,"WASHINGTON — In early November, a few days after Senator Kamala Harris’s presidential campaign announced widespread layoffs and an intensified focus on Iowa, her senior aides gathered for a staff meeting at their Baltimore headquarters and pelted the campaign manager, Juan Rodriguez, with questions.",Kamala Harris,active,-0.45
2020-12-18T13:09:53+0000,2020Q4,"Vice President Mike Pence received a coronavirus vaccine on live television Friday morning at the White House, a measure that the Trump administration said was intended to “promote the safety and efficacy of the vaccine and build confidence among the American people.”",Donald Trump,mentioned,-0.45
2021-01-12T13:20:51+0000,2021Q1,Wolf for the remaining days in the Trump administration.,Donald Trump,mentioned,-0.45
2020-12-23T02:33:58+0000,2020Q4,"President Trump threatened on Tuesday to derail months of bipartisan work in Congress to deliver $900 billion in pandemic relief, demanding checks to Americans that are more than three times larger than those in the bill, which he called a “disgrace.”",Donald Trump,active,-1.0
2019-06-01T21:21:28+0000,2019Q2,"WASHINGTON — President Trump has said that his administration would lead an effort to decriminalize homosexuality around the world, eliciting condemnation from activists who pointed to the administration’s moves to dismantle protections for gay, bisexual and transgender people.",Donald Trump,active,-0.83
2019-04-21T16:53:06+0000,2019Q2,"— President Trump’s personal lawyer, Rudolph W.",Donald Trump,mentioned,-0.5
2024-08-01T15:56:05+0000,2024Q3,"Trump at a campaign rally in Butler, Pa., still had one last chance to get it right.",Donald Trump,mentioned,-0.45
2021-01-16T20:47:17+0000,2021Q1,"Vice President-elect Kamala Harris will be sworn in on Wednesday by Justice Sonia Sotomayor, a ceremony in which the first woman of color to become vice president will take her oath from the first woman of color to sit on the Supreme Court.",Kamala Harris,mentioned,-0.25
2024-01-20T10:17:12+0000,2024Q1,The first-in-the-nation primary could be the last stand for the anti-Trump Republican.,Donald Trump,passive,-1.0
2024-05-16T19:34:02+0000,2024Q2,"Trump will participate in a CNN debate on June 27, just six weeks away.",Donald Trump,active,-0.25
2021-01-20T20:03:16+0000,2021Q1,Donald Trump is exiting office with a final outburst of constitutional contempt.,Donald Trump,active,-1.0
2021-01-20T20:03:16+0000,2021Q1,Trump on Wednesday used one of the most sweeping powers of the presidency to dole out dozens of odious pardons to a roster of corrupt politicians and business executives as well as cronies and loyalists like Steve Bannon.,Donald Trump,active,-1.0
2022-04-13T23:15:13+0000,2022Q2,"6, 2021, where he was part of the mob of Trump supporters that stormed inside during Congress’s counting of electoral votes in the worst attack on the building since the War of 1812.",Donald Trump,passive,-1.0
2022-09-21T17:47:16+0000,2022Q3,"Trump, told jurors Wednesday that accusations that his client was an illegal foreign agent were “nothing short of ridiculous” — and that prosecutors had inflated “inconsequential acts” into a supposed plot in which Mr.",Donald Trump,active,-0.83
2024-01-21T10:01:40+0000,2024Q1,"Trump has won just a single nominating contest, but his potential running mates already outnumber his presidential rivals on the campaign trail.",Donald Trump,mentioned,-0.43
2022-04-18T20:01:20+0000,2022Q2,Trump’s allies and associates spent months trying to overturn the 2020 election based on his lie that he was the true winner.,Donald Trump,passive,-1.0
2019-01-08T10:00:06+0000,2019Q1,"With the House of Representatives now under Democratic control and the gavel in Speaker Nancy Pelosi’s hands, some of President Trump’s critics are eagerly anticipating a surge of congressional investigations.",Donald Trump,mentioned,-0.45
2022-09-13T01:59:29+0000,2022Q3,Trump’s proposed candidates for the job of an independent arbiter to review thousands of documents seized last month by the F.B.I.,Donald Trump,mentioned,-0.42
2022-09-13T01:59:29+0000,2022Q3,Trump’s residence in Florida.,Donald Trump,mentioned,-0.5
2019-04-04T20:31:35+0000,2019Q2,There’s a lot we don’t know about the legacy Donald Trump will leave behind.,Donald Trump,mentioned,-0.45
2019-04-04T20:31:35+0000,2019Q2,"But one thing seems sure: Even if he’s a one-term president, Trump will have caused, directly or indirectly, the premature deaths of a large number of Americans.",Donald Trump,active,-1.0
2020-07-23T00:15:04+0000,2020Q3,"And President Trump keeps insisting on proposals, like a costly payroll tax cut, that will do nothing to help tens of millions of jobless Americans and that even members of his own party do not support.",Donald Trump,active,-1.0
2023-04-11T18:29:47+0000,2023Q2,Trump.,Donald Trump,mentioned,-0.5
2020-03-07T19:30:05+0000,2020Q1,"31, over a month ago, the Trump administration made an excellent decision: In an effort to limit the spread of the coronavirus, it forbade most foreign nationals from entering the United States if they had recently traveled to China.",Donald Trump,mentioned,-0.83
2020-08-03T22:35:27+0000,2020Q3,"A speech from the first lady, Melania Trump, at Seneca Falls, N.Y., the cradle of the national movement for women’s rights.",Donald Trump,mentioned,-0.5
2020-08-03T22:35:27+0000,2020Q3,"Perhaps a stage for the warm-up acts built at the Trump International Hotel in Washington, D.C.",Donald Trump,mentioned,-0.25
2020-09-04T18:31:56+0000,2020Q3,"WASHINGTON — Long before The Atlantic published an article on Thursday night depicting President Trump disparaging America’s war dead, liberal veterans groups had been feverishly working in battleground states to appeal to veterans and military family members, a cornerstone of President Trump’s base.",Donald Trump,active,-0.45
2024-12-18T00:00:06+0000,2024Q4,"It’s been more than nine years since I first denounced Donald Trump as a “loudmouth vulgarian appealing to quieter vulgarians.” I’ve called myself a Never Trump conservative ever since, even when I agreed with his policies from time to time.",Donald Trump,active,-1.0
2020-01-14T05:25:04+0000,2020Q1,"President Trump plans to divert an additional $7.2 billion in military funding for the construction of a wall on the southern border, according to two people familiar with the plans, as officials rush to show major progress on his signature campaign promise in time for the 2020 election.",Donald Trump,active,-0.45
2020-04-30T11:03:22+0000,2020Q2,President Trump and Vice President Mike Pence participated in a meeting on Wednesday with industry executives about reopening the economy.,Donald Trump,active,-0.25
2022-09-28T19:20:04+0000,2022Q3,Donald Trump is too much with us.,Donald Trump,passive,-1.0
2022-09-28T19:20:04+0000,2022Q3,But this is a book more notable for the quality of its observations about Trump’s character than for its newsbreaks.,Donald Trump,passive,-0.45
2019-04-02T22:30:05+0000,2019Q2,"Once more, President Trump stands ready to dazzle with his willingness to sacrifice the national interest on the altar of his political whims.",Donald Trump,active,-1.0
2019-05-16T01:39:46+0000,2019Q2,"The Trump administration escalated its conflict with the tech industry on Wednesday, unveiling a website that asks people who think their viewpoints have been censored by social media platforms to share their stories — and their contact information.",Donald Trump,mentioned,-0.83
2019-04-02T23:34:58+0000,2019Q2,"WASHINGTON — President Trump acknowledged Tuesday that closing the southern border with Mexico could damage the United States economy, but said protecting America’s security was more important than trade.",Donald Trump,active,-0.25
2023-05-17T14:01:03+0000,2023Q2,Trump.,Donald Trump,mentioned,-0.5
2022-08-16T20:24:15+0000,2022Q3,Trump and what she describes as the threats to democracy posed by his far-right followers.,Donald Trump,mentioned,-1.0
2019-11-14T00:19:38+0000,2019Q4,"WASHINGTON — A batch of leaked emails obtained by a civil rights advocacy group show that Stephen Miller, the White House adviser with a direct hand in shaping President Trump’s hard-line immigration policies, promoted theories popular with white nationalist groups to an editor at a prominent conservative publication before he joined the administration.",Donald Trump,mentioned,-0.83
2019-08-15T17:45:32+0000,2019Q3,"WASHINGTON — The House Judiciary Committee issued subpoenas on Thursday compelling President Trump’s first campaign manager, Corey Lewandowski, and a former White House aide to testify publicly about actions taken by the president that could constitute obstruction of justice.",Donald Trump,passive,-0.83
2019-05-26T06:30:02+0000,2019Q2,"— Ask Democratic candidates for president how they would challenge President Trump’s boasts about the economy, and the initial response tends to be less an attack than a concession.",Donald Trump,passive,-0.53
2024-10-11T14:13:23+0000,2024Q4,Trump lost the 2020 election.,Donald Trump,passive,-1.0
2024-03-06T04:57:45+0000,2024Q1,Trump gave a victory speech short on celebration or exultation and long on sinister evocations of what he portrayed as a grim fate for the country if President Biden is re-elected.,Donald Trump,active,-1.0
2024-08-01T22:57:41+0000,2024Q3,Vice President Kamala Harris said that she and President Biden had “never stopped fighting” for the release of wrongfully detained Americans like the ones who were released from Russian custody on Thursday.,Kamala Harris,active,0.83
2022-11-28T20:06:36+0000,2022Q4,"Trump will not cross the Florida state line to campaign with Herschel Walker during the final week of the Georgia Senate runoff election, after both camps decided the former president’s appearance carried more political risks than rewards, campaign officials for the two Republicans said on Monday.",Donald Trump,passive,-0.53
2024-01-23T08:12:44+0000,2024Q1,"Trump’s enduring influence even over liberal political races, three of the state’s best known congressional Democrats and a Republican ex-baseball star faced off over a U.S.",Donald Trump,mentioned,-0.45
2020-11-24T10:00:04+0000,2020Q4,"President Trump has tweeted an average of 28 times a day in the last three weeks, mostly lamenting the results of the election, even as the coronavirus pandemic reached new heights across the country.",Donald Trump,active,-0.83
2022-07-15T22:56:13+0000,2022Q3,Trump’s 187 minutes of inaction as a mob of his supporters assaulted Congress.,Donald Trump,passive,-1.0
2021-07-07T20:02:37+0000,2021Q3,"Trump said that he planned to sue Facebook, Twitter and Google, and their chief executives, for wrongful censorship, after the platforms took various steps to ban or block him from posting.",Donald Trump,active,-0.83
2020-08-17T17:10:43+0000,2020Q3,"Trump, leaving him in a stronger position to oust an incumbent president than any challenger heading into his party’s convention in the modern polling era.",Donald Trump,mentioned,-0.5
2023-10-20T23:50:04+0000,2023Q4,Trump and co-defendant in the classified documents case told a federal judge on Friday that he wanted to keep his lawyer despite a potential conflict of interest that could be problematic for his defense.,Donald Trump,active,-0.42
2023-04-01T01:58:46+0000,2023Q2,Trump appeared to be dead in the water.,Donald Trump,passive,-0.83
2020-03-23T18:57:16+0000,2020Q1,"Eleven states and the District of Columbia have opened enrollment under the Affordable Care Act to allow laid-off workers to get subsidized health insurance, and the Trump administration, which has been gunning to repeal the law, is considering opening the federal exchange to new customers.",Donald Trump,passive,-0.83
2024-05-01T18:46:40+0000,2024Q2,"Trump, who was convicted on 34 counts of falsifying business records to cover up a sex scandal that threatened to derail his 2016 presidential campaign.",Donald Trump,passive,-1.0
2022-06-29T19:38:19+0000,2022Q2,"Tuesday’s testimony by Cassidy Hutchinson, an aide to Mark Meadows, the final chief of staff for President Donald Trump, snapped attention back to the Jan.",Donald Trump,mentioned,-0.45
2020-09-27T01:57:47+0000,2020Q3,"— President Trump sought again on Saturday night to cast doubt on the integrity of the presidential election, telling supporters that the only way Democrats can win in Pennsylvania is to “cheat on the ballots” and raising the prospect that a disputed election could be decided by Congress.",Donald Trump,active,-1.0
2020-10-06T14:32:02+0000,2020Q4,"[Read our profile of Kamala Harris, the first woman elected U.S.",Kamala Harris,mentioned,-0.25
2021-07-18T07:00:14+0000,2021Q3,"As protesters hurled rocks outside Haiti’s national palace and set fires on the streets to demand President Jovenel Moïse’s resignation, President Trump invited him to Mar-a-Lago in 2019, posing cheerfully with him in one of the club’s ornate entryways.",Donald Trump,active,-0.45
2020-01-21T19:31:32+0000,2020Q1,"But President Trump and the Swedish climate campaigner Greta Thunberg took unmistakable aim at each other on Tuesday at this conference of business and government figures, reprising their roles as antagonists on the global stage.",Donald Trump,active,-0.5
2024-03-21T21:17:06+0000,2024Q1,Can you even remember politics before the Trump era?,Donald Trump,mentioned,-0.83
2019-10-24T20:27:54+0000,2019Q4,"In announcing a “permanent” cease-fire along the Turkish-Syrian border on Wednesday, President Trump smugly declared that “this was an outcome created by us, the United States, and nobody else.” The president, incapable of irony, was probably not referring to his own abrupt decision on Oct.",Donald Trump,active,-1.0
2024-03-19T09:06:02+0000,2024Q1,"Trump, his Republican rival, “despises Latinos.”",Donald Trump,passive,-1.0
2023-01-06T22:42:05+0000,2023Q1,"Trump, increasing the likelihood that he will face a trial this fall.",Donald Trump,passive,-0.75
2023-12-07T17:02:11+0000,2023Q4,Trump could become the first former president in U.S.,Donald Trump,mentioned,-0.25
2024-04-13T09:04:23+0000,2024Q2,"Donald Trump leads Joe Biden, 46 percent to 45 percent, among registered voters.",Donald Trump,active,-0.5
2020-09-08T00:30:07+0000,2020Q3,"WASHINGTON — The Trump administration is weighing a ban on some or all products made with cotton from the Xinjiang region of China, a move that could come as soon as Tuesday as the United States looks to punish Beijing over alleged human rights violations, three people familiar with the matter said.",Donald Trump,mentioned,-0.45
2024-11-21T16:13:12+0000,2024Q4,Trump could exploit it to target his political enemies.,Donald Trump,passive,-0.83
2021-01-09T03:18:58+0000,2021Q1,An article on Friday about President Trump’s allies in media and politics after the storming of the National Capitol by a pro-Trump mob referred incorrectly to the police shooting of Jacob Blake.,Donald Trump,mentioned,-0.83
2024-05-16T16:30:35+0000,2024Q2,Trump for reportedly meeting with fossil fuel executives and asking them for $1 billion in contributions to his election campaign.,Donald Trump,active,-0.83
2019-07-09T10:00:03+0000,2019Q3,"LOS ANGELES — By reviving the issue of school busing in the first Democratic presidential debate, Senator Kamala Harris socked it to the front-runner, Joe Biden.",Kamala Harris,active,-0.55
2019-07-09T10:00:03+0000,2019Q3,"Harris described her childhood experiences with racism in California, and then accused Mr.",Kamala Harris,active,-0.5
2019-07-09T10:00:03+0000,2019Q3,Harris called “hurtful.” ,Kamala Harris,passive,-1.0
2023-12-05T15:56:50+0000,2023Q4,Trump’s threat to ban all Muslims from entering the United States should he become president.,Donald Trump,active,-1.0
2019-05-23T12:13:51+0000,2019Q2,"WASHINGTON — President Trump on Thursday unveiled a $16 billion bailout for farmers hurt by his trade war with Beijing, signaling a protracted fight ahead that is already prompting some American companies to shift business away from China.",Donald Trump,active,-0.45
2020-10-07T00:55:15+0000,2020Q4,"Conley, said on Tuesday that President Trump was experiencing no symptoms of Covid-19 and doing “extremely well” on his first full day at home since a three-night stay in the hospital.",Donald Trump,passive,-0.45
2024-08-08T16:00:03+0000,2024Q3,"The size of the crowd at a rally for Vice President Kamala Harris in Atlanta last month rivaled the turnout for Donald Trump days later only “because she had entertainers,” Trump told the audience at his event, referring to the rappers Quavo and Megan Thee Stallion.",Kamala Harris,passive,-1.0
2024-08-08T16:00:03+0000,2024Q3,"The size of the crowd at a rally for Vice President Kamala Harris in Atlanta last month rivaled the turnout for Donald Trump days later only “because she had entertainers,” Trump told the audience at his event, referring to the rappers Quavo and Megan Thee Stallion.",Donald Trump,active,-0.83
2020-09-19T21:19:55+0000,2020Q3,"Senator Susan Collins, Republican of Maine, said on Saturday that she was opposed to holding a vote on President Trump’s Supreme Court nominee before the November election, and suggested that were he to lose, his successor should ultimately choose a nominee to replace Justice Ruth Bader Ginsburg.",Donald Trump,active,-0.43
2022-12-19T10:00:07+0000,2022Q4,"Meanwhile, Donald Trump has embarrassed himself with stupid remarks, and maybe this time he will stay embarrassed.",Donald Trump,passive,-1.0
2019-09-18T23:47:08+0000,2019Q3,It was a strutting spectacle of contempt for democratic processes worthy of President Trump himself.,Donald Trump,passive,-1.0
2019-09-11T00:08:56+0000,2019Q3,"3, an employee at President Trump’s golf course in Bedminster, N.J., heard music blasting across a fairway.",Donald Trump,mentioned,-0.45
2020-10-28T09:00:29+0000,2020Q4,3 victory for Donald Trump.,Donald Trump,mentioned,-1.0
2019-07-10T23:30:13+0000,2019Q3,I believe this is partly because the players are terrific and partly because many Americans are desperate to think about something other than Donald Trump.,Donald Trump,passive,-0.83
2022-01-06T17:18:21+0000,2022Q1,Trump encouraged the violence that took place at the Capitol on Jan.,Donald Trump,active,-1.0
2022-01-06T17:18:21+0000,2022Q1,Trump’s most prominent supporters deflected blame for the attack during an appearance on a live online show.,Donald Trump,mentioned,-0.83
2024-04-15T16:29:08+0000,2024Q2,"Trump’s criminal trial on Monday again refused to allow the infamous “Access Hollywood” tape to be played for jurors, but said that the comments Mr.",Donald Trump,mentioned,-0.83
2024-04-15T16:29:08+0000,2024Q2,Trump made on the tape could be introduced as evidence.,Donald Trump,passive,-0.83
2019-11-25T18:23:01+0000,2019Q4,"In January 2015, when India was seven months into Narendra Modi’s sectarian reign and the United States was two years from falling to Donald Trump, voters in this South Asian island nation defeated their strongman president Mahinda Rajapaksa.",Donald Trump,mentioned,-0.45
2019-01-17T19:59:58+0000,2019Q1,"WASHINGTON — The Trump administration is asking most State Department employees to return to work on Tuesday, despite the stalemate in funding negotiations between the president and congressional Democrats that has led to a partial government shutdown.",Donald Trump,mentioned,-0.43
2024-01-30T16:59:30+0000,2024Q1,"He vowed to end the harsh practices of the Trump administration, show compassion toward those wishing to come to the United States and secure the southern border.",Donald Trump,passive,-1.0
2019-09-18T21:55:15+0000,2019Q3,"He was President Trump’s national finance chairman, and as Treasury secretary has been a strong advocate for tax reform.",Donald Trump,mentioned,-0.45
2023-06-15T18:41:14+0000,2023Q2,"This week, we went inside a courtroom where Donald Trump was indicted, again; met a man who couldn’t give up his pet rats; and found joy in running “Slow AF.” Welcome to your weekly newsletter from New York Times Audio, where app editors share their favorite listens.",Donald Trump,mentioned,-0.45
2020-09-10T12:19:08+0000,2020Q3,"President Trump mocked Joe Biden for his mask wearing at a campaign rally last week, saying, “Did you ever see a man who likes a mask as much as him?”",Donald Trump,active,-1.0
2020-02-22T00:15:28+0000,2020Q1,"WASHINGTON — When the Pentagon announced this month that it would divert billions more dollars in military funding to the construction of President Trump’s border wall, bipartisan outrage ricocheted across Capitol Hill.",Donald Trump,active,-0.83
2020-04-13T23:03:29+0000,2020Q2,"Fauci, the leading public health expert on President Trump’s coronavirus task force, sought on Monday to smooth over a growing rift with the president, taking the podium during the task force’s daily briefing to defend Mr.",Donald Trump,mentioned,-0.43
2020-04-13T23:03:29+0000,2020Q2,"Trump, who has been enraged by reports that he was warned about the potential for a pandemic but oversaw a halting response.",Donald Trump,passive,-0.83
2024-05-10T16:16:36+0000,2024Q2,"Trump, for having defied a subpoena from the Jan.",Donald Trump,passive,-1.0
2020-05-02T00:19:51+0000,2020Q2,"WASHINGTON — A federal judge on Friday vacated 287 oil and gas leases on almost 150,000 acres of land in Montana, ruling that the Trump administration had improperly issued the leases to energy companies in 2017 and 2018.",Donald Trump,passive,-0.83
2019-10-07T15:34:09+0000,2019Q4,"On Sunday President Trump endorsed a Turkish military operation to carve out the “safe zone” in northeastern Syria, currently controlled by the United States-supported, Kurdish-led Syrian Democratic Forces.",Donald Trump,active,-0.45
2023-08-04T09:01:02+0000,2023Q3,"Not long after Mark Meadows, Donald Trump’s last chief of staff, left the White House, I asked him about the rambling telephone call he had participated in during which Mr.",Donald Trump,mentioned,-0.42
2023-08-04T09:01:02+0000,2023Q3,"Trump told Brad Raffensperger, the Georgia secretary of state, to find him enough votes to overcome Joe Biden’s lead in the state.",Donald Trump,active,-1.0
2019-05-16T15:51:21+0000,2019Q2,Trump secured his election.,Donald Trump,passive,-1.0
2020-11-04T06:17:49+0000,2020Q4,"With no winner declared in the 2020 presidential race, President Trump appeared in the White House just after 2 a.m.",Donald Trump,mentioned,-0.23
2022-08-02T20:06:16+0000,2022Q3,Trump’s long list of endorsements in competitive races.,Donald Trump,mentioned,-0.45
2020-10-22T00:56:15+0000,2020Q4,"President Trump complained about the news media’s intensive coverage of the coronavirus pandemic at a campaign rally in Gastonia, N.C., on Wednesday evening, describing the disease as an annoying inconvenience even as the country’s case count and death toll continue to soar.",Donald Trump,active,-0.83
2024-11-29T18:46:35+0000,2024Q4,"Trump’s latest pronouncements about tariffs and immigration, the stock market resumed its upward surge in holiday-shortened trading on Friday, propelling the benchmark S&P 500 to its best monthly gain since November 2023.",Donald Trump,mentioned,-0.12
2021-05-21T22:07:32+0000,2021Q2,"In the Trump era, California’s Democratic-led state government emerged as a kind of resistance government-in-waiting.",Donald Trump,mentioned,-0.42
2021-05-21T22:07:32+0000,2021Q2,"State lawmakers passed some of the nation’s strictest environmental protections, took steps to ensure universal access to health insurance and filed dozens of lawsuits against Trump administration policies.",Donald Trump,passive,-0.83
2020-09-08T23:08:38+0000,2020Q3,"Normally in competition with one another, the companies banded together in an effort to reassure the public that they would not bow to pressure from the Trump administration and prematurely rush out a vaccine.",Donald Trump,passive,-0.83
2020-06-25T23:32:55+0000,2020Q2,"Five months ago, President Trump fired up thousands of fans at a campaign rally in Milwaukee with a boastful question for a state he barely won in 2016: “How are your 401(k)’s doing?” he bellowed.",Donald Trump,active,-0.45
2020-03-25T07:03:27+0000,2020Q1,"WASHINGTON — The $2 trillion economic stabilization package agreed to by Congress and the Trump administration early Wednesday morning is the largest of its kind in modern American history, intended to respond to the coronavirus pandemic and provide direct payments and jobless benefits for individuals, money for states and a huge bailout fund for businesses.",Donald Trump,mentioned,-0.23
2022-06-21T18:37:32+0000,2022Q2,"Trump’s false claims of election fraud in the 2020 election, is testifying before the Jan.",Donald Trump,mentioned,-1.0
2023-12-22T10:03:47+0000,2023Q4,"When Donald Trump appeals the Colorado decision disqualifying him from the ballot in that state’s Republican primary, the Supreme Court should overturn the ruling unanimously.",Donald Trump,active,-0.83
2021-01-18T20:06:11+0000,2021Q1,"Speaker Nancy Pelosi wrote a letter to the acting secretary of defense demanding that he not install a Trump loyalist as the top lawyer at the National Security Agency, her office announced Monday.",Donald Trump,mentioned,-1.0
2024-03-19T18:43:47+0000,2024Q1,"The other day, however, Donald Trump said it straight out: Some migrants are “not people, in my opinion.”",Donald Trump,active,-1.0
2024-12-14T10:02:43+0000,2024Q4,Trump into their corner as they try to strengthen their position in the war against Russia.,Donald Trump,mentioned,-0.83
2020-07-15T11:01:33+0000,2020Q3,"Jeff Sessions goes down, Trump retreats from a hard-line position on international student visas, and Biden announces an ambitious climate plan — just don’t call it a Green New Deal.",Donald Trump,mentioned,-0.45
2022-07-06T09:04:53+0000,2022Q3,"The same day, I also accepted the nomination of the new Moderate Party, formed substantially by state Republicans fed up with the extremism of a party led by Donald Trump.",Donald Trump,passive,-0.83
2020-02-25T20:00:46+0000,2020Q1,[Read more on Roger Stone’s sentence being commuted by President Trump.],Donald Trump,passive,-1.0
2023-06-09T18:22:14+0000,2023Q2,Trump’s handling of sensitive government documents after he left office.,Donald Trump,passive,-0.45
2020-01-23T10:00:14+0000,2020Q1,"One thought is that, given how the Democratic field has narrowed, he might in the end be the man to beat President Trump, since he appeals to many of the angry citizens who proved decisive in 2016 — an anti-establishment message vigorously pushed by the Sanders campaign itself.",Donald Trump,mentioned,-0.43
2019-07-23T23:10:09+0000,2019Q3,"WASHINGTON — After spending a week laying the groundwork for a 2020 message that seems loosely defined as us versus them, President Trump on Tuesday repackaged campaign rally red meat into child-size portions for a gathering of young supporters.",Donald Trump,active,-0.45
2020-01-25T01:10:32+0000,2020Q1,But supporters of President Trump still insult and threaten them online — even the ones who work in the White House.,Donald Trump,passive,-0.83
2024-01-16T20:42:05+0000,2024Q1,"Trump, in which he expressed a desire for the deaths of two Democratic lawmakers in the weeks before the 2020 election, a government official familiar with the matter said on Tuesday.",Donald Trump,passive,-1.0
2019-05-31T14:47:14+0000,2019Q2,"WASHINGTON — The Trump administration said Friday that it has lifted a summertime ban on the use of E15, a gasoline blend made of 15 percent ethanol.",Donald Trump,mentioned,-0.23
2019-05-31T14:47:14+0000,2019Q2,The move is designed to help corn and soybean farmers harmed by President Trump’s decision to impose tariffs.,Donald Trump,passive,-0.75
2019-03-25T15:00:04+0000,2019Q1,College presidents don’t want President Trump stepping into campus affairs and making threatening orders about speech — or so they say.,Donald Trump,mentioned,-0.83
2019-09-12T12:34:05+0000,2019Q3,"New York Fashion Week came to an end in 2001 with a Marc Jacobs show because of tragedy: The morning after his extravaganza on Pier 54, complete with disappearing walls to access the after-party and Donald Trump in the audience, the planes hit the Twin Towers and the world changed.",Donald Trump,mentioned,-0.83
2019-12-09T12:30:06+0000,2019Q4,Democrats and Republicans who squared off at Monday’s impeachment hearing in the House Judiciary Committee had one remarkable point of agreement: Both said that there are four key facts at the heart of the debate about whether President Trump should be impeached by the House and removed from office.,Donald Trump,mentioned,-0.45
2022-12-23T17:04:26+0000,2022Q4,"Remembering Bill Russell, Pelé, Vin Scully, Franco Harris, Maury Wills, Joan Joyce, Bruce Sutter, Charley Taylor, Kathy Whitworth, Guy Lafleur, Don Maynard, Lusia Harris, Bob Lanier and many others who died in 2022.",Kamala Harris,mentioned,-0.5
2020-01-03T16:35:56+0000,2020Q1,"President Trump authorized the attack early Friday at Baghdad International Airport that killed Iran’s top security and intelligence commander, Maj.",Donald Trump,active,-0.83
2020-08-08T11:40:16+0000,2020Q3,"A little more than a year ago, American intelligence agencies drafted a classified document reporting that the Russian government favored President Trump in the 2020 presidential election, a finding that fit with their consensus that the Kremlin tried to help him in 2016.",Donald Trump,mentioned,-0.45
2019-07-23T10:00:06+0000,2019Q3,"We have some catching up to do, so let me ask: Do you think Donald Trump knew what he was doing when he tweeted that four congresswomen — Ilhan Omar, Ayanna Pressley, Rashida Tlaib and Alexandria Ocasio-Cortez, all minorities, should “go back” to “the totally broken and crime infested places from which they came”?",Donald Trump,active,-1.0
2023-03-21T22:06:33+0000,2023Q1,Trump for a hush money payment to a porn actress has ignited debate over the strength of the case and how prosecutors should decide when it is appropriate to pursue charges — and when not to do so.,Donald Trump,mentioned,-0.45
2024-02-09T00:00:10+0000,2024Q1,"People like Sarah Palin and Donald Trump chased me out of the Republican orbit (gradually and then all at once), but I have still held out the hope that my many friends on the right are kind of like an occupied country.",Donald Trump,active,-0.83
2024-02-09T00:00:10+0000,2024Q1,"They have to mouth the Trumpian prejudices to survive in this era, but somewhere deep inside, the party of Reagan still lives in their souls.",Donald Trump,mentioned,-0.83
2020-10-16T21:50:07+0000,2020Q4,"ISTANBUL — Turkey fired a missile as a test of its Russian-made air defense system on Friday, a United States official confirmed, a move that breaks an agreement with the Trump administration and risks the imposition of sanctions by Congress.",Donald Trump,mentioned,-0.83
2024-03-29T20:10:14+0000,2024Q1,Trump and eight of his co-defendants in the Georgia election interference case asked an appeals court to take up their challenge of a judge’s ruling that allowed the prosecutor Fani T.,Donald Trump,mentioned,-0.45
2024-03-16T09:04:29+0000,2024Q1,"Trump has been hosting private dinners at Mar-a-Lago, schmoozing with some of the Republican Party’s biggest financiers as he races to address a sizable cash shortfall against President Biden.",Donald Trump,active,-0.45
2019-05-09T22:30:06+0000,2019Q2,They are feeling persecuted for publishing reports that shed an unflattering light on Trump policies.,Donald Trump,passive,-1.0
2023-03-30T22:07:56+0000,2023Q1,Follow our live updates on Donald Trump’s indictment.,Donald Trump,mentioned,-0.45
2019-05-05T16:02:34+0000,2019Q2,President Trump had an opinion about the outcome of the Kentucky Derby and shared it — as he does with so many other opinions — on Twitter on Sunday.,Donald Trump,active,-0.45
2020-10-02T10:26:50+0000,2020Q4,"In the wake of President Trump’s testing positive for the coronavirus, the White House did not immediately offer information on what the plan would be if the president became too ill to do his job.",Donald Trump,mentioned,-0.43
2022-02-11T17:24:50+0000,2022Q1,"Bush, Taylor Swift, Donald Trump and Kim Kardashian hardly factor.",Donald Trump,mentioned,-1.0
2020-04-25T16:47:01+0000,2020Q2,"WASHINGTON — About a week after the first report of a Covid-19 case at a meatpacking plant in southwest Kansas in early April, the state’s governor, Laura Kelly, issued a pointed warning to President Trump: Without test kits to separate the well from the sick, a fast-moving outbreak could idle facilities that produce roughly one-quarter of the nation’s meat supply.",Donald Trump,passive,-0.83
2020-04-17T09:00:18+0000,2020Q2,"In the face of mass unemployment and a rapidly contracting economy, President Trump is desperate to end the pandemic lockdown and bring the country back on line.",Donald Trump,passive,-0.83
2022-09-14T07:00:13+0000,2022Q3,Trump finally ended on Tuesday with a slate of G.O.P.,Donald Trump,mentioned,-0.45
2019-07-18T10:00:05+0000,2019Q3,The poison emanating from the White House in recent days has been so overwhelming that it’s hard to remember that something else held the country in thrall just a week ago: the prospect that President Trump would defy the Supreme Court and insist on adding a citizenship question to the 2020 census.,Donald Trump,active,-1.0
2023-05-26T20:33:59+0000,2023Q2,"A few hours after Stewart Rhodes, the leader of the Oath Keepers militia, was sentenced on Thursday to 18 years in prison for his role in a seditious conspiracy to instigate the pro-Trump violence of Jan.",Donald Trump,mentioned,-0.83
2024-08-06T14:49:16+0000,2024Q3,There’s a lot of talk that Kamala Harris picked Tim Walz to prevent Josh Shapiro’s views on the Middle East from becoming a distraction.,Kamala Harris,active,-0.45
2019-09-26T10:00:07+0000,2019Q3,"It has long been disdainful of Congress, but now, under the Trump administration, it is reaching a peak of contempt for it.",Donald Trump,passive,-0.83
2019-09-26T10:00:07+0000,2019Q3,"Even so, President Trump’s recent aggrandizement of the executive branch may have the ironic and salutary effect of shrinking the power of the presidency by awakening the countervailing power of a long-dormant Congress.",Donald Trump,passive,-0.83
2024-10-12T09:04:06+0000,2024Q4,"Two of the nation’s most-contested battleground states — Pennsylvania and Arizona — illustrate the difficulties each campaign faces in gaining a clear advantage in the final stretch of the 2024 race, with Kamala Harris maintaining a narrow lead in Pennsylvania but Donald J.",Kamala Harris,mentioned,-0.23
2024-10-12T09:04:06+0000,2024Q4,"Trump continuing to hold an advantage in Arizona, according to a new pair of New York Times/Philadelphia Inquirer/Siena College polls.",Donald Trump,mentioned,-0.25
2019-11-09T01:27:24+0000,2019Q4,"On Monday, President Trump will kick off the 100th New York City Veterans Day Parade, at which he is likely to boast, as is his wont, of his devotion to the men and women who have served in the military.",Donald Trump,active,-0.45
2024-11-20T16:34:52+0000,2024Q4,Trump in his push for the mass deportation of millions of undocumented people.,Donald Trump,active,-1.0
2024-09-06T16:21:13+0000,2024Q3,"Trump last month, Elon Musk raised the idea of a “government efficiency commission.” Such a council could ensure that taxpayers’ money was “spent in a good way,” Mr.",Donald Trump,mentioned,-0.53
2024-09-05T18:41:45+0000,2024Q3,"It’s (almost) the autumn of a presidential election year, which means that the political publishing season is suddenly upon us: Two of our recommended books this week cast an eye back on Donald Trump’s time in office, one from an insider’s vantage and one from the perspective of an experienced national security reporter.",Donald Trump,mentioned,-0.45
2020-01-17T06:40:56+0000,2020Q1,"Eight American troops were flown from their Iraqi bases after showing signs of concussions from Iranian missile strikes, the military said on Thursday,  despite earlier statements by President Trump that no Americans had been injured.",Donald Trump,passive,-0.83
2024-08-17T03:55:47+0000,2024Q3,"Vice President Kamala Harris accepted an offer from the leadership of the Teamsters union to meet for a round-table discussion, according to the union.",Kamala Harris,passive,-0.45
2020-03-20T09:00:23+0000,2020Q1,"WASHINGTON — The White House, under the guise of its coronavirus response, is quietly advancing policies that President Trump has long advocated, from tougher border controls to an assault on organized labor to the stonewalling of congressional oversight.",Donald Trump,passive,-1.0
2020-08-03T21:34:51+0000,2020Q3,WASHINGTON — President Trump abruptly announced on Monday the firing of two members of the Tennessee Valley Authority’s board of directors and demanded that the electric utility’s chief executive reverse what he said was a decision to outsource workers to other countries.,Donald Trump,active,-0.83
2020-08-26T11:54:17+0000,2020Q3,"On the second night of the Republican National Convention, Melania Trump came dressed for battle.",Donald Trump,mentioned,-1.0
2021-09-28T09:00:07+0000,2021Q3,"As a political activist, the 87-year-old Nobel Prize winner has never stopped intervening in our public conversation, whether to defend freedom of expression, condemn religious fundamentalism or destroy his American green card after the election of Donald Trump.",Donald Trump,active,-1.0
2020-12-18T21:09:02+0000,2020Q4,"Vaccines, Joe Biden's victory and bombshells from Trump's world provided a perfect recipe for late night.",Donald Trump,mentioned,-0.45
2024-07-16T18:18:09+0000,2024Q3,"Trump called for a unifying message after the assassination attempt against him over the weekend, some Republicans known for their bombastic rhetoric were quick to oblige.",Donald Trump,active,-0.83
2021-10-03T15:15:13+0000,2021Q4,Trump’s presidency and hopeful of regaining Democratic control of the House.,Donald Trump,mentioned,-0.45
2024-03-15T13:09:49+0000,2024Q1,Trump’s co-defendants in Georgia.,Donald Trump,mentioned,-0.5
2020-07-30T12:39:22+0000,2020Q3,But they did restore some bragging rights to President Trump — while also giving new ones to his predecessor.,Donald Trump,mentioned,-0.5
2020-11-11T17:47:06+0000,2020Q4,"Or was he a glorified actor who won election with a coded racist appeal to white voters, setting the stage for the rise of President Trump?",Donald Trump,passive,-0.83
2020-04-10T05:52:33+0000,2020Q2,Barr said on Thursday that President Trump was right to fire the inspector general who disclosed the whistle-blower complaint about Mr.,Donald Trump,passive,-0.83
2020-04-10T05:52:33+0000,2020Q2,Trump’s dealings with Ukraine and that the president’s political enemies could face criminal prosecution.,Donald Trump,mentioned,-0.83
2020-06-17T09:00:16+0000,2020Q2,"In the coming weeks, the Supreme Court is expected to clear its docket of current term cases, with potential major decisions on DACA, abortion, President Trump’s financial records and public funding for religious schools.",Donald Trump,mentioned,-0.23
2021-04-12T20:13:43+0000,2021Q2,"PARIS — A sudden frost, the worst in decades, has ravaged a French wine industry already reeling from the effects of the coronavirus pandemic and what is known among winegrowers as the “Trump tax.”",Donald Trump,mentioned,-0.83
2022-08-03T21:41:55+0000,2022Q3,"Ross Douthat, a Times Opinion columnist, hosted an online conversation with Rachel Bovard, the policy director at the Conservative Partnership Institute, and Tim Miller, the author of “Why We Did It: A Travelogue From the Republican Road to Hell,” about the recent primaries in Arizona, Michigan and beyond, and the strength of Donald Trump’s hold on the Republican Party.",Donald Trump,mentioned,-0.23
2019-07-21T23:00:05+0000,2019Q3,There was no question that the Democrats who control the House of Representatives would pass a resolution condemning President Trump’s racist tweets last week.,Donald Trump,passive,-1.0
2020-04-10T09:00:03+0000,2020Q2,"(Harper Paperbacks, 704 pp., $18.99.) More about the Republican Party’s identity crisis than about Trump himself, this well-sourced political analysis by a journalist who has worked at National Review and Politico tells the story of what the Times critic Jennifer Szalai deemed “the ultimate devil’s bargain”: swapping “compassionate conservatism” for long-craved “goodies” like environmental rollbacks, judicial appointments and tax cuts.",Donald Trump,mentioned,-0.45
2019-01-30T13:26:07+0000,2019Q1,"WASHINGTON — President Trump pushed back on Wednesday against his intelligence chiefs’ national security assessments, saying that “the Intelligence people seem to be extremely passive and naive when it comes to the dangers of Iran,” and defended his own, more positive appraisals of the threats North Korea and the Islamic State pose to the United States.",Donald Trump,active,-0.45
2024-10-26T04:10:58+0000,2024Q4,Beyoncé and Kelly Rowland expressed support for Vice President Kamala Harris at a campaign event focused on abortion rights in Houston on Friday night.,Kamala Harris,mentioned,-0.45
2019-05-13T23:06:43+0000,2019Q2,The Trump administration can't shield consumers from its trade war anymore.,Donald Trump,passive,-1.0
2023-10-16T23:07:26+0000,2023Q4,"Trump, in remarks that invoked the deadly Hamas attacks on Israel to stoke fears of terrorism at home, said on Monday that he would expand a freeze on refugees that he enacted during his presidency to cover people from the Palestinian territory of Gaza.",Donald Trump,active,-0.83
2021-11-30T10:00:22+0000,2021Q4,"Trump was considered a sideshow, and Hillary Clinton was the president in waiting.",Donald Trump,mentioned,-0.83
2019-05-17T12:49:18+0000,2019Q2,"WASHINGTON — President Trump agreed on Friday to lift tariffs on metal imports from Mexico and Canada, removing a major irritant for two important allies that in exchange agreed to stop punishing American farmers with their own taxes on pork, cheese and milk.",Donald Trump,active,-0.43
2020-08-03T02:53:47+0000,2020Q3,"Yes, President Trump can ban TikTok in the United States.",Donald Trump,active,1.0
2020-10-09T22:35:25+0000,2020Q4,"The second presidential debate was formally canceled late Friday after President Trump refused to participate in a virtual event, the latest sign of the upheaval that the coronavirus has wrought on the 2020 campaign.",Donald Trump,active,-0.83
2019-09-21T17:50:13+0000,2019Q3,"WASHINGTON — By the time President Trump met with congressional leaders on the afternoon of June 20, he had already decided to retaliate against Iran for shooting down an American surveillance drone.",Donald Trump,active,-0.45
2019-12-02T23:15:37+0000,2019Q4,"WASHINGTON — The Senate on Monday confirmed Dan Brouillette, a former lobbyist for Ford Motor Company, to be President Trump’s second secretary of energy, replacing Rick Perry, who has become embroiled in the impeachment proceedings against Mr.",Donald Trump,mentioned,-0.43
2019-12-02T23:15:37+0000,2019Q4,Trump.,Donald Trump,mentioned,-0.5
2024-03-29T19:23:31+0000,2024Q1,Trump and eight of his co-defendants in the Georgia election interference investigation asked an appeals court on Friday to reverse a judge’s ruling that allowed her to stay on the case.,Donald Trump,active,-0.45
2023-10-20T18:06:06+0000,2023Q4,Trump.,Donald Trump,mentioned,-0.5
2024-05-21T15:17:02+0000,2024Q2,Trump.,Donald Trump,mentioned,-0.5
2019-11-19T06:00:11+0000,2019Q4,"As Democrats enter the second week of public impeachment hearings, lawmakers on Tuesday will hear from four Trump administration officials about their alarm at President Trump’s call with the leader of Ukraine and efforts to pressure the country to announce investigations into Mr.",Donald Trump,passive,-0.83
2019-11-19T06:00:11+0000,2019Q4,Trump’s political rivals.,Donald Trump,mentioned,-0.5
2019-01-25T18:39:40+0000,2019Q1,"— President Trump traveled to the Rio Grande Valley earlier this month and made his case for building a wall on the Southern border — needed, he said, to keep America safe from a variety of dangers that are continuing to make their way across the frontier from Mexico.",Donald Trump,active,-0.45
2019-01-18T00:16:18+0000,2019Q1,"In important ways, however, America’s government went AWOL almost two years earlier, when Donald Trump was inaugurated.",Donald Trump,passive,-0.45
2020-09-13T22:34:00+0000,2020Q3,Trump 2020 election here.,Donald Trump,mentioned,-0.5
2019-09-21T15:52:37+0000,2019Q3,WASHINGTON — President Trump on Saturday dismissed news reports that he urged the Ukrainian president to investigate former Vice President Joseph R.,Donald Trump,active,-0.83
2020-01-31T22:02:16+0000,2020Q1,See how each senator voted on whether to consider new evidence in the impeachment trial of President Trump.,Donald Trump,mentioned,-0.45
2024-01-19T18:59:28+0000,2024Q1,"Trump seeks another strong showing against his rivals, Nikki Haley and Ron DeSantis.",Donald Trump,active,-0.45
2024-06-30T09:01:42+0000,2024Q2,Trump orchestrated a takeover of the Republican Party in part by blasting wealthy political donors as the root of corruption and delivering a populist message that appealed to working-class voters.,Donald Trump,active,-0.45
2022-08-24T09:00:08+0000,2022Q3,Donald Trump’s drive to undermine American democracy has proved strikingly successful.,Donald Trump,passive,-1.0
2020-09-10T00:24:19+0000,2020Q3,"WASHINGTON — Postmaster General Louis DeJoy, moving to defend himself and top postal officials against suggestions that they are trying to help President Trump win re-election by sabotaging mail-in voting, told colleagues on Wednesday that he planned to hire a veteran Republican lobbyist to work with Congress.",Donald Trump,mentioned,-0.42
2023-11-19T21:05:34+0000,2023Q4,"Trump on Sunday in an appearance near the southern border, echoing Mr.",Donald Trump,mentioned,-0.45
2023-11-19T21:05:34+0000,2023Q4,Trump’s talk about an existential crisis of illegal immigration.,Donald Trump,mentioned,-0.85
2019-10-26T19:14:21+0000,2019Q4,Trump’s presidency.,Donald Trump,mentioned,-0.5
2022-01-10T02:10:33+0000,2022Q1,Trump who have adopted a hostile stance toward the panel’s questions.,Donald Trump,passive,-1.0
2022-10-16T19:02:11+0000,2022Q4,Trump did when he was a candidate.,Donald Trump,mentioned,-0.83
2020-07-28T11:42:53+0000,2020Q3,Trump 2020 election here.,Donald Trump,mentioned,-0.5
2024-09-16T17:52:50+0000,2024Q3,"Trump is making no changes to his campaign schedule this week after the apparent second attempt on his life in two months, according to a person with knowledge of the plans.",Donald Trump,active,-0.45
2019-07-22T19:51:52+0000,2019Q3,"The Trump administration is imposing economic sanctions on a Chinese state-owned oil trading company and its top executive for buying Iranian oil in violation of an American ban, Secretary of State Mike Pompeo said Monday.",Donald Trump,mentioned,-0.45
2024-09-04T09:00:35+0000,2024Q3,"Open finals, the Harris-Trump debate, the Emmys (which have turned into a mini-Oscars, thanks to streaming).",Kamala Harris,mentioned,-0.25
2024-09-04T09:00:35+0000,2024Q3,"Open finals, the Harris-Trump debate, the Emmys (which have turned into a mini-Oscars, thanks to streaming).",Donald Trump,mentioned,-0.45
2024-07-13T12:18:16+0000,2024Q3,"Trump, began Monday in Milwaukee, as Mr.",Donald Trump,mentioned,-0.12
2024-07-13T12:18:16+0000,2024Q3,Trump announced Senator J.D.,Donald Trump,active,-1.0
2020-03-05T22:23:38+0000,2020Q1,"WASHINGTON — President Trump’s son-in-law and adviser Jared Kushner is selling his stake in Cadre, a New York-based real estate start-up that has sought to profit from a special tax break included in the package Mr.",Donald Trump,mentioned,-0.45
2020-03-05T22:23:38+0000,2020Q1,Trump signed into law in late 2017.,Donald Trump,active,-1.0
2024-04-08T09:04:19+0000,2024Q2,"A bipartisan group of former senior national security and legal officials, including veterans of the Trump administration, are urging lawmakers to impose new limits on a president’s power to deploy federal troops on domestic soil.",Donald Trump,mentioned,-0.42
2019-07-08T20:24:31+0000,2019Q3,WASHINGTON — President Trump celebrates his bond with Queen Elizabeth II.,Donald Trump,active,1.0
2019-11-19T22:50:30+0000,2019Q4,[Update: President Trump on Thursday reversed a Navy decision to oust Edward Gallagher from SEALs.],Donald Trump,active,-0.5
2024-08-01T19:08:13+0000,2024Q3,"Pennsylvania Governor Josh Shapiro, one of the front-runners to be Vice President Kamala Harris’s running mate, has abruptly canceled a three-event fund-raising swing through the Hamptons just days before Ms.",Kamala Harris,mentioned,-0.45
2024-08-01T19:08:13+0000,2024Q3,Harris is expected to make her selection.,Kamala Harris,passive,-0.5
2020-11-08T03:01:12+0000,2020Q4,"“I stand on their shoulders,” Vice President-elect Kamala Harris said in her victory speech on Saturday night.",Kamala Harris,active,1.0
2024-10-24T15:35:01+0000,2024Q4,"As Vice President Kamala Harris makes a broad play to the political center, some Democrats worry that she is going too far in her bid to win over moderates who are skeptical of former President Donald J.",Kamala Harris,active,-0.45
2024-10-24T15:35:01+0000,2024Q4,Trump.,Donald Trump,mentioned,-0.5
2019-04-12T17:23:02+0000,2019Q2,"WASHINGTON — President Trump said on Friday that his administration was “strongly” considering releasing migrants detained at the border into mostly Democratic “sanctuary cities,” suggesting that the idea should make liberals “very happy” because of their immigration policies.",Donald Trump,active,-0.83
2020-02-24T10:00:15+0000,2020Q1,WASHINGTON — President Trump’s immigration policies — from travel bans and visa restrictions to refugee caps and asylum changes — have begun to deliver on a longstanding goal: Legal immigration has fallen more than 11 percent and a steeper drop is looming.,Donald Trump,passive,-0.83
2021-04-13T09:00:21+0000,2021Q2,"Trump’s lies about election fraud, has introduced a rash of proposals to restrict voting access, angering Democrats, who are fighting back.",Donald Trump,active,-0.83
2023-03-09T14:55:57+0000,2023Q1,"Trump after his loss in the 2020 election, admitted in a sworn statement released on Wednesday that she had knowingly misrepresented the facts in several of her public claims that widespread voting fraud led to Mr.",Donald Trump,mentioned,-0.83
2023-03-09T14:55:57+0000,2023Q1,Trump’s defeat.,Donald Trump,passive,-1.0
2024-07-18T04:05:06+0000,2024Q3,Trump’s Republican Party moved to make Israel’s fight its own — and to further fracture the Democratic Party’s longstanding bond with American Jews.,Donald Trump,mentioned,-0.83
2019-08-26T16:53:19+0000,2019Q3,WASHINGTON — The House Judiciary Committee on Monday subpoenaed the former top White House aide Rob Porter to testify about President Trump’s efforts to impede the Russia investigation and asked a court to expedite a ruling on whether Donald F.,Donald Trump,mentioned,-0.83
2019-08-26T16:53:19+0000,2019Q3,Trump.,Donald Trump,mentioned,-0.5
2020-07-08T18:33:22+0000,2020Q3,President Trump welcomed Mexico’s president to the White House on Wednesday for a feel-good meeting between unlikely partners that was meant to celebrate a revised North American Free Trade Agreement that Mr.,Donald Trump,active,0.45
2020-07-08T18:33:22+0000,2020Q3,Trump hailed as historic but that is expected to have only modest economic effects.,Donald Trump,mentioned,-0.5
2020-10-02T16:53:16+0000,2020Q4,President Trump’s bombshell announcement early Friday morning that he and the first lady had tested positive for the coronavirus has set off a frenzy in the White House and beyond as politicians and operatives who have interacted with Mr.,Donald Trump,mentioned,-0.83
2020-10-02T16:53:16+0000,2020Q4,"Trump in recent days have raced to get their own tests and, in some cases, report the results.",Donald Trump,mentioned,-0.83
2019-01-11T00:24:58+0000,2019Q1,"Trump and his wife, Melania, swayed together to a rendition of the Frank Sinatra classic “My Way,” as hundreds of their wealthiest and most influential supporters held aloft smartphones to capture the Trumps’ first dance following the inauguration.",Donald Trump,mentioned,-0.42
2019-09-27T01:03:14+0000,2019Q3,"WASHINGTON — A crucial cache of evidence in hand, House Democrats moved quickly on Thursday with an impeachment inquiry they said would be focused tightly on President Trump’s dealings with Ukraine, using an incendiary whistle-blower complaint as a road map for their investigation.",Donald Trump,active,-0.45
2020-09-15T03:27:35+0000,2020Q3,An article on Sunday about President Trump’s nominations for the Nobel Peace Prize by two Scandinavian politicians misidentified the year for which he was nominated.,Donald Trump,mentioned,-0.45
2024-07-22T09:03:43+0000,2024Q3,"Many party leaders are coalescing behind Kamala Harris, but some veteran Democrats — and many voters — are still grappling with who would fare best against Trump.",Kamala Harris,mentioned,-0.45
2024-07-22T09:03:43+0000,2024Q3,"Many party leaders are coalescing behind Kamala Harris, but some veteran Democrats — and many voters — are still grappling with who would fare best against Trump.",Donald Trump,passive,-0.45
2020-10-05T21:31:38+0000,2020Q4,"Despite almost daily disclosures of new coronavirus infections among President Trump’s close associates, the White House is making little effort to investigate the scope and source of its outbreak.",Donald Trump,mentioned,-0.83
2020-10-10T21:27:05+0000,2020Q4,"WASHINGTON — Republicans revolted on Saturday over President Trump’s efforts to resuscitate bipartisan stimulus talks with a $1.8 trillion offer to Democrats, balking at what they called an exorbitantly costly plan in the latest sign of steep obstacles to any deal before the election.",Donald Trump,active,-0.83
2024-04-22T21:52:20+0000,2024Q2,A New York prosecutor today debuted the state’s case against Donald Trump to the jury of Manhattan residents that will be asked to render a verdict in about six weeks.,Donald Trump,passive,-0.45
2019-12-04T16:30:30+0000,2019Q4,"The Trump administration recently began the formal process of withdrawing from the Paris climate agreement, citing “the unfair economic burden imposed on American workers, businesses and taxpayers” by the United States’ pledge to reduce greenhouse gas emissions.",Donald Trump,active,-0.83
2024-11-23T02:32:29+0000,2024Q4,Trump chose Dr.,Donald Trump,active,-1.0
2020-02-05T01:31:42+0000,2020Q1,President Trump addressed a divided Congress as his impeachment trial neared its conclusion.,Donald Trump,active,-0.45
2020-12-16T01:19:05+0000,2020Q4,"The Trump administration is negotiating a deal to use its power to free up supplies of raw materials to help Pfizer produce tens of millions of additional doses of its Covid-19 vaccine for Americans in the first half of next year, people familiar with the situation said.",Donald Trump,mentioned,-0.42
2024-05-14T09:04:31+0000,2024Q2,Trump will not be going to trial in Georgia anytime soon.,Donald Trump,passive,-0.83
2019-01-20T05:05:01+0000,2019Q1,Urvashe Sameer and Ryan Joseph Harris are to be married Jan.,Kamala Harris,mentioned,-0.5
2019-06-06T17:47:29+0000,2019Q2,"When the hard drives of a deceased Republican strategist revealed new evidence last week about the Trump administration’s decision to add a citizenship question to the 2020 census, many people wondered whether the files hid other revelations.",Donald Trump,mentioned,-0.42
2024-08-23T19:18:43+0000,2024Q3,"Trump on Friday after suspending his troubled independent campaign for president, saying he was withdrawing his name from the ballot in battleground states and that Mr.",Donald Trump,mentioned,-0.83
2024-08-23T19:18:43+0000,2024Q3,Trump had “asked to enlist me” in his second administration.,Donald Trump,mentioned,-0.45
2020-09-08T19:45:44+0000,2020Q3,"A week after President Trump suggested that voters in North Carolina should cast two ballots — one by mail and another at the polls — the authorities in Georgia are threatening criminal action against 1,000 Georgia voters who did just that.",Donald Trump,active,-1.0
2020-05-26T15:19:02+0000,2020Q2,"WASHINGTON — President Trump smeared a prominent television host on Tuesday from the lectern in the Rose Garden with an unfounded allegation of murder, taking the politics of rage and conspiracy theory to a new level even as much of the political world barely took notice.",Donald Trump,active,-1.0
2019-12-23T17:14:04+0000,2019Q4,"Bannon, the former chief strategist to President Trump, forged a lucrative financial relationship with a mysterious Chinese billionaire who was sought by Beijing for extradition from the United States.",Donald Trump,mentioned,-0.53
2022-11-17T23:05:13+0000,2022Q4,"Bush’s chief speechwriter and one of his closest advisers composed many of the president’s signature addresses and wielded outsize influence on his domestic and foreign policies, and who later, as a regular columnist at The Washington Post, became a sharp critic of the Trump administration, died on Thursday in Washington.",Donald Trump,mentioned,-0.83
2020-04-17T19:38:09+0000,2020Q2,"With President Trump, that never changes.",Donald Trump,passive,-1.0
2022-07-21T18:20:04+0000,2022Q3,"President Biden’s aides took extraordinary measures when he first came into the Oval Office to try to protect the president from the virus, in a marked contrast from the Trump White House.",Donald Trump,passive,-0.83
2022-02-10T21:10:10+0000,2022Q1,"Jerry Harris, who shot to reality-TV fame in the Netflix show “Cheer,” pleaded guilty on Thursday to federal charges related to soliciting child sexual abuse imagery and illegal sexual conduct with a minor, reversing his earlier plea.",Kamala Harris,mentioned,-1.0
2022-02-18T00:43:22+0000,2022Q1,Trump.,Donald Trump,mentioned,-0.5
2020-11-17T00:59:59+0000,2020Q4,"on Monday sharpened his criticism of President Trump’s refusal to cooperate in an orderly transition, warning that “more people may die” from the coronavirus if the president does not agree to coordinate planning for the mass distribution of a vaccine when it becomes available.",Donald Trump,active,-0.83
2022-01-11T00:00:05+0000,2022Q1,"Trump won the presidency in 2016, he ignited a debate within the Democratic Party over what sort of coalition it needed to assemble to win power.",Donald Trump,mentioned,-0.42
2022-01-11T00:00:05+0000,2022Q1,"As Trump flirts with another run in 2024, the party’s strategy is very much a live discussion today.",Donald Trump,mentioned,-0.45
2023-11-14T10:03:31+0000,2023Q4,Biden because he could not stomach former President Trump’s anti-Muslim views.,Donald Trump,passive,-1.0
2022-12-06T05:10:04+0000,2022Q4,We’ll also meet a prosecutor with a history of taking on Donald Trump who is joining the Manhattan district attorney’s office.,Donald Trump,passive,-0.83
2024-11-09T12:00:33+0000,2024Q4,"On Tuesday it was just voting and waiting and anxiety and an inner sense that anything was possible and then by Wednesday morning, one answer: Donald Trump had shifted the country toward him in a decisive win.",Donald Trump,active,-0.83
2019-07-22T09:00:11+0000,2019Q3,"— As President Trump presses his attacks against four women of color in Congress, suggesting they are unpatriotic and should leave the country, many voters in this city on Lake Huron are embracing his “America — Love It or Leave It” message, saying they do not see it as racist.",Donald Trump,active,-0.83
2024-10-22T21:11:47+0000,2024Q4,"After decades of sitting on the sidelines of politics, Bill Gates, one of the richest people in the world, has said privately that he recently donated about $50 million to a nonprofit organization that is supporting Vice President Kamala Harris’s presidential run, according to three people briefed on the matter.",Kamala Harris,mentioned,-0.45
2022-02-02T23:37:47+0000,2022Q1,"Well, I received 266 email messages from Donald Trump, asking for money.",Donald Trump,passive,-1.0
2020-01-17T02:10:04+0000,2020Q1,"— After months of acrimony between California and the Trump administration over the state’s homelessness crisis, Gov.",Donald Trump,mentioned,-0.43
2020-10-07T17:00:05+0000,2020Q4,"Brennan, the former director of the Central Intelligence Agency, recalls having been an earring-wearing, at least one-time hashish-smoking rebel who in the 1976 election cast a ballot for the Communist Party’s presidential candidate — a protest vote spurred by his disgust at “the partisan politics of both the Democrats and the Republicans,” he writes in his memoir, “Undaunted: My Fight Against America’s Enemies, at Home and Abroad.” A few years later, when he applied for a job at the C.I.A., Brennan confessed this vote but was assured that it would not affect his application — a response “affirming my rights as a citizen” that “dispelled any concerns I had about joining an organization that had been routinely accused over the years of flouting American values and liberties.” Brennan had found his own group: the permanent national security bureaucracy that President Trump would someday portray as an evil “deep state.”",Donald Trump,mentioned,-0.83
2023-03-08T22:25:17+0000,2023Q1,"Trump, Joseph R.",Donald Trump,mentioned,-0.52
2022-08-11T20:48:00+0000,2022Q3,"search for classified documents at Mar-a-Lago, Donald Trump’s residence in Florida.",Donald Trump,mentioned,-0.85
2020-07-20T22:00:08+0000,2020Q3,"We’re now at the stage of the Covid-19 pandemic where Donald Trump and his allies are trying to suppress information about the coronavirus’s spread — because, of course, they are.",Donald Trump,active,-1.0
2020-11-04T06:25:11+0000,2020Q4,"With millions of votes still left to be counted, President Trump early Wednesday falsely declared that he had won his race for re-election, warning that he would go to the Supreme Court to try to prematurely shut the election down.",Donald Trump,active,-1.0
2024-08-18T10:00:07+0000,2024Q3,Kamala Harris is in a bind.,Kamala Harris,passive,-0.45
2022-07-16T14:42:47+0000,2022Q3,Trump on how to seek to overturn the election.,Donald Trump,mentioned,-0.83
2024-10-24T16:47:27+0000,2024Q4,"Trump said on Thursday that if elected again he would in “two seconds” fire the special counsel Jack Smith, who has brought two federal indictments against him in the past 18 months.",Donald Trump,active,-0.83
2021-11-29T15:12:25+0000,2021Q4,"SAN FRANCISCO — Jack Dorsey stepped down on Monday as chief executive of Twitter, the social media site he co-founded in 2006 and navigated through the tumultuous years of the Trump administration and increasing calls for regulation from lawmakers around the world.",Donald Trump,mentioned,-0.43
2024-05-30T12:04:56+0000,2024Q2,They may be about to plunge to a new low after Biden’s re-election campaign hit out at reports that Donald Trump could make Musk an adviser if the Republican were to win in November.,Donald Trump,mentioned,-0.83
2024-10-19T09:03:18+0000,2024Q4,"When the actor Maya Rudolph first appeared as Kamala Harris on “Saturday Night Live,” in September 2019, she established a few motifs: Cocktail at the ready, Ms.",Kamala Harris,mentioned,-0.45
2024-10-19T09:03:18+0000,2024Q4,"Harris was America’s fun aunt (“I call that a ‘funt,’” she said) and a “smooth-talking lady lawyer” with sex appeal and subpoena power.",Kamala Harris,active,-0.45
2023-08-21T09:00:24+0000,2023Q3,"They can be regarded, accurately, as America’s case against Donald Trump.",Donald Trump,passive,-1.0
2023-08-21T09:00:24+0000,2023Q3,"They capture the progression of transgression evident in Trump’s political campaigns and his presidency and its aftermath, with each escape from accountability yielding a bolder and more reckless iteration of Trump.",Donald Trump,passive,-0.83
2020-10-03T16:35:47+0000,2020Q4,[Read our live updates on President Trump’s coronavirus diagnosis.],Donald Trump,mentioned,-0.5
2020-05-14T13:26:37+0000,2020Q2,"WASHINGTON — A federal appeals court in Virginia on Thursday revived a lawsuit accusing President Trump of violating the Constitution by profiting from his Washington hotel, a decision that will most likely lead the Justice Department to appeal to the Supreme Court to keep the plaintiffs from gathering evidence in the case.",Donald Trump,passive,-0.83
2022-05-05T21:40:27+0000,2022Q2,Trump in 2020 asked Mark T.,Donald Trump,active,-0.43
2019-11-22T10:00:27+0000,2019Q4,"— When Senator Kamala Harris announced her presidential campaign on the steps of City Hall here in January, tens of thousands of people showed up, optimistically cheering for a person they believed could be the first woman — the first black woman — in the White House.",Kamala Harris,mentioned,-0.45
2021-06-30T09:00:12+0000,2021Q2,Former President Donald Trump recently accused three Wisconsin Republican leaders of “working hard to cover up election corruption” as he continued pushing lies about the November presidential vote.,Donald Trump,active,-1.0
2021-06-30T09:00:12+0000,2021Q2,Trump delights in turning his fire on members of his party who he feels are being insufficiently servile.,Donald Trump,active,-1.0
2024-11-19T19:23:59+0000,2024Q4,"Trump picked Howard Lutnick to serve as commerce secretary on Tuesday, tapping a billionaire Wall Street executive for one of the most prominent and increasingly powerful economic positions in the federal government.",Donald Trump,active,-0.45
2019-11-06T16:29:42+0000,2019Q4,"The cyclist who lost her job after giving the middle finger to President Trump’s motorcade has found a new one after running for local office and ousting a Republican supervisor in Loudoun County, Va., on Tuesday.",Donald Trump,mentioned,-0.83
2019-07-11T21:28:45+0000,2019Q3,"WASHINGTON — Withdrawing American troops from Afghanistan too soon would be a “strategic mistake,” President Trump’s nominee for Joint Chiefs of Staff chairman said Thursday, clearly outlining the Pentagon’s position as the White House wrestles with whether to pull military forces and end the 18-year war.",Donald Trump,mentioned,-0.45
2024-11-06T03:52:40+0000,2024Q4,Trump.,Donald Trump,mentioned,-0.5
2024-10-08T21:57:30+0000,2024Q4,Trump — was still on the ballot as a third-party presidential candidate and potential spoiler in the crucial battleground state.,Donald Trump,mentioned,-0.45
2024-05-07T09:04:00+0000,2024Q2,Donald Trump has yet to choose a running mate for his third attempt to win the White House.,Donald Trump,active,-0.45
2024-05-07T09:04:00+0000,2024Q2,But he does seem to have at least one litmus test for anyone who hopes to play the part of Mike Pence in a second Trump administration: You cannot say that you’ll accept the results of the 2024 election.,Donald Trump,active,-0.83
2023-07-12T09:00:59+0000,2023Q3,"Trump, efforts to address extremist violence and the bureau’s electronic surveillance practices during a contentious House Judiciary Committee hearing.",Donald Trump,mentioned,-0.45
2022-10-28T08:36:52+0000,2022Q4,"Trump, to testify before a special grand jury in a criminal investigation into election meddling in Georgia, misidentified Newt Gingrich’s native state.",Donald Trump,active,-1.0
2019-08-21T15:11:44+0000,2019Q3,WASHINGTON — The federal budget deficit is growing faster than expected as President Trump’s spending and tax cut policies force the United States to borrow increasing sums of money.,Donald Trump,passive,-0.83
2019-12-09T23:00:08+0000,2019Q4,"On Saturday Donald Trump gave a speech to the Israeli American Council in which he asserted that many in his audience were “not nice people at all,” but that “you have to vote for me” because Democrats would raise their taxes.",Donald Trump,active,-0.83
2020-12-25T10:00:07+0000,2020Q4,"In the midst of an economic crisis, a pandemic and an uprising for racial justice, low-income Americans — Black, white, brown, Asian and Native — voted to overwhelm a reactionary base that President Trump had stoked with lies and fear.",Donald Trump,passive,-1.0
2019-11-13T01:26:07+0000,2019Q4,"WASHINGTON — In weeks of closed-door testimony, American officials who worked in Ukraine kept circling back to the work of one journalist, John Solomon, whose articles they said appeared to have considerable currency with President Trump’s inner circle.",Donald Trump,mentioned,-0.43
2024-07-21T21:20:47+0000,2024Q3,"While Vice President Kamala Harris is at the top of the list of Democrats who could replace President Biden as the party’s nominee for president, earning his endorsement as he dropped out of the race on Sunday, a handful of Democratic governors have also attracted attention as potential presidential contenders.",Kamala Harris,mentioned,-0.23
2020-09-23T10:39:10+0000,2020Q3,"Across the political spectrum, many Americans are obsessed with the idea that President Trump will pull off another surprise victory this November.",Donald Trump,mentioned,-0.83
2021-02-10T15:46:43+0000,2021Q1,"Trump’s attempts to overturn Georgia’s election results, including a phone call he made to Secretary of State Brad Raffensperger in which Mr.",Donald Trump,active,-0.83
2021-02-10T15:46:43+0000,2021Q1,Trump pressured him to “find” enough votes to help him reverse his loss.,Donald Trump,active,-1.0
2022-08-21T11:16:57+0000,2022Q3,"They have been getting less attention than the Justice Department’s scrutiny of Donald Trump, but my colleague Alan Feuer has spent hours and hours watching these trials.",Donald Trump,mentioned,-0.45
2022-07-01T07:00:05+0000,2022Q3,"Trump blocked nonessential travel from Europe on March 11, 2020, in response to the spiraling coronavirus pandemic, The New York Times’s deputy Travel editor, Elisabeth Goodridge, flew to her home in New York from Brussels, where she had been vacationing with her family.",Donald Trump,passive,-0.43
2020-10-16T08:08:05+0000,2020Q4,"In one of his final prime-time television events before Election Day, President Trump, who is trailing in national and battleground polls, offered little new to voters who may still be undecided, staking out positions on the coronavirus that are at odds with both the scientific consensus and public opinion.",Donald Trump,active,-0.83
2021-04-02T22:14:05+0000,2021Q2,"Trump succeeded in peeling away significant amounts of Latino support, and not just in conservative-leaning geographic areas, according to a post-mortem analysis of the election that was released on Friday.",Donald Trump,mentioned,-0.83
2020-06-18T22:30:11+0000,2020Q2,"On Thursday, the Supreme Court ruled, by a narrow majority, that the Trump administration could not immediately shut down Deferred Action for Childhood Arrivals, a program that protects about 700,000 young immigrants known as Dreamers from deportation.",Donald Trump,mentioned,-0.43
2020-04-06T22:42:25+0000,2020Q2,"WASHINGTON — President Trump’s acting Navy secretary, in a profanity-laced reprimand delivered Monday, criticized sailors aboard the stricken aircraft carrier Theodore Roosevelt for cheering their captain, who was removed after he appealed for help as coronavirus spread throughout the warship.",Donald Trump,mentioned,-0.83
2024-12-18T11:34:44+0000,2024Q4,"When shots were fired at a campaign rally for Donald Trump on a July evening in Butler, Pa., the veteran New York Times photographer Doug Mills was just a few feet from him.",Donald Trump,passive,-0.45
2024-12-18T11:34:44+0000,2024Q4,The Secret Service rushed toward Trump.,Donald Trump,passive,-1.0
2021-01-16T00:17:58+0000,2021Q1,"WASHINGTON — Speaker Nancy Pelosi said on Friday that House impeachment managers were preparing to prosecute President Trump in the Senate, but she refused to offer a timeline for when they would move forward with a never-before-attempted trial of a former president.",Donald Trump,passive,-0.83
2019-05-17T23:00:17+0000,2019Q2,"When we talk about whether to impeach President Trump, we cite the near impeachment of Richard Nixon or the actual prosecution of Bill Clinton.",Donald Trump,mentioned,-0.45
2024-11-14T10:04:13+0000,2024Q4,"Trump looking more likely to return to the White House, the value of the dollar began to rise.",Donald Trump,passive,-0.53
2020-08-06T17:28:36+0000,2020Q3,"Mike DeWine tested negative for the coronavirus hours after a positive rapid-result test had prevented him from welcoming President Trump to Ohio on Thursday, a whiplash reversal that reflected the nation’s increasingly complex state of testing.",Donald Trump,mentioned,-0.45
2022-02-03T20:00:06+0000,2022Q1,"In early 2016, as Jeb Bush floundered, the Republican establishment began to throw its support behind a different politician from Florida who seemed as if he could defeat the upstart Donald Trump.",Donald Trump,mentioned,-0.83
2022-02-03T20:00:06+0000,2022Q1,"Trump led comfortably in the polls, but it was still early, as G.O.P.",Donald Trump,active,-0.5
2022-02-03T20:00:06+0000,2022Q1,We all know how the story ends: Rubio wasn’t able to mount any sort of credible challenge to Trump and withdrew after just a few months.,Donald Trump,passive,-0.83
2023-07-25T21:51:44+0000,2023Q3,"Trump in connection with his efforts to overturn the 2020 election, prosecutors have been continuing to investigate multiple strands of the case.",Donald Trump,mentioned,-0.45
2021-03-16T20:03:13+0000,2021Q1,"Trump, according to a declassified intelligence report released on Tuesday.",Donald Trump,mentioned,-0.25
2023-06-26T15:00:01+0000,2023Q2,"Donald Trump, Ron DeSantis and other presidential candidates are traveling to the Granite State this week.",Donald Trump,mentioned,-0.12
2024-11-15T00:00:11+0000,2024Q4,The good news: I don’t think Donald Trump will cause a global trade war.,Donald Trump,active,-0.5
2019-05-15T00:16:47+0000,2019Q2,"— President Trump traveled to an energy state on Tuesday to boast about his administration’s reversal of Obama-era environmental policies, ticking off actions like approving oil pipelines, withdrawing from the Paris climate accord and opening up Arctic drilling that he said have resulted in an “American energy revolution.”",Donald Trump,active,-0.45
2020-09-05T03:17:59+0000,2020Q3,"President Trump has directed administration officials to make significant changes to sensitivity training sessions across the government, calling such efforts that often focus on promoting awareness of racism “divisive” and “un-American propaganda.”",Donald Trump,active,-0.83
2020-08-13T22:14:24+0000,2020Q3,"headquarters of a Chinese government educational organization as a diplomatic mission, in the latest action by the Trump administration to limit official operations by China in the United States.",Donald Trump,mentioned,-0.83
2024-07-18T20:50:36+0000,2024Q3,"Donald Trump is poised to formally accept the Republican presidential nomination in an arena packed with supporters, less than a week after he survived an assassination attempt.",Donald Trump,active,-0.25
2021-05-06T00:23:48+0000,2021Q2,Representative Liz Cheney may lose her leadership role among House Republicans because she hasn’t been slavishly loyal to Donald Trump and the lies he fed the Republican Party.,Donald Trump,passive,-0.83
2022-08-09T20:06:50+0000,2022Q3,"Trump and a central figure in the investigation into election interference in Georgia, has been telling prosecutors that he cannot travel to the state to appear before a special grand jury because he is not healthy enough to fly.",Donald Trump,passive,-0.83
2024-12-02T11:00:05+0000,2024Q4,Trump is doubling down on tariffs.,Donald Trump,active,-1.0
2020-08-16T13:03:10+0000,2020Q3,A Democratic congressman from New Jersey is asking the state’s attorney general to open a criminal inquiry into what he calls President Trump’s attempts to sabotage the election by undermining the United States Postal Service.,Donald Trump,active,-1.0
2019-10-31T15:26:04+0000,2019Q4,"WASHINGTON — A bitterly divided House of Representatives voted Thursday to endorse the Democratic-led impeachment inquiry into President Trump, in a historic action that set up a critical new public phase of the investigation and underscored the political polarization that serves as its backdrop.",Donald Trump,mentioned,-0.83
2019-12-18T05:04:59+0000,2019Q4,"The Democratic-controlled House of Representatives is all but certain to pass two articles of impeachment today against President Trump, for abuse of power and obstruction of Congress.",Donald Trump,passive,-0.83
2020-11-20T10:02:45+0000,2020Q4,"The Trump administration stressed its opposition on Thursday to closing schools as a means to combat the coronavirus, even as some of the largest districts in the United States were closing anew or postponed reopening.",Donald Trump,mentioned,-0.42
2023-08-26T09:01:56+0000,2023Q3,"Trump and his 18 co-defendants in the Georgia election interference case turned themselves in one by one at an Atlanta jail this week, their lawyers began working to change how the case will play out.",Donald Trump,mentioned,-0.45
2019-06-05T01:02:58+0000,2019Q2,WASHINGTON — A bipartisan group of senators will try to force nearly two dozen votes rebuking the Trump administration’s decision to declare a national emergency to circumvent Congress and sell billions of dollars of munitions to Saudi Arabia and the United Arab Emirates.,Donald Trump,mentioned,-0.83
2024-03-27T17:33:09+0000,2024Q1,Trump’s full takeover of the Republican National Committee continued this week with interviews for key positions that have included a jarring question: Was the 2020 presidential election stolen?,Donald Trump,mentioned,-0.83
2024-09-08T18:05:04+0000,2024Q3,"Former Representative Liz Cheney of Wyoming, a vocal anti-Trump Republican who endorsed Vice President Kamala Harris, criticized a number of other Republicans on Sunday for being too beholden to former President Donald J.",Kamala Harris,mentioned,-0.45
2024-09-08T18:05:04+0000,2024Q3,"Former Representative Liz Cheney of Wyoming, a vocal anti-Trump Republican who endorsed Vice President Kamala Harris, criticized a number of other Republicans on Sunday for being too beholden to former President Donald J.",Donald Trump,passive,-0.83
2024-09-08T18:05:04+0000,2024Q3,Trump.,Donald Trump,mentioned,-0.5
