pub_date,Quarter,sentence,agent,error
2020-12-23T02:33:58+0000,2020Q4,"President Trump threatened on Tuesday to derail months of bipartisan work in Congress to deliver $900 billion in pandemic relief, demanding checks to Americans that are more than three times larger than those in the bill, which he called a “disgrace.”",Donald Trump,"No JSON found in response: he and.umb on.ater The.., the.at Sent, was, the or, the Sent.
per in.

in - 196 Sent, the.  which, the.  the.  to, as, be.

, the.

, the.

, the.

, the, the, the, the , and M on, The .
  the ( The one

, the .

 The , or 

 of, the, the, the, the, the - S Sent.
, the . in, the, the, the .

 The,, will
 be

 the, the.

 , the

 the .

 F .
, the

 M, the

 and  The

 the, the ( M 

 La is, or, The .

 - The, The .

,,.

.

, the, The .

, the, of .

 , The .

 , a .

 . The .

 , the

 The
 The .

 , A .

 The .

 F .
 , The .

 The .

 B .

 The .

 1 ( The .

 ( M.


 - An 

 La .

 The .

 - M .

 -  The .

 - M ( - M - M - M - ( - M - M - M - M . - - - - - - - - - - - - - - - - - - - - - - - - - - - - - - -"
2023-10-20T23:50:04+0000,2023Q4,Trump and co-defendant in the classified documents case told a federal judge on Friday that he wanted to keep his lawyer despite a potential conflict of interest that could be problematic for his defense.,Donald Trump,No JSON found in response: @@@@@@@@@@@@@@@@@@@@@@@@@@@@@@@
2023-04-01T01:58:46+0000,2023Q2,Trump appeared to be dead in the water.,Donald Trump,No JSON found in response: @@@@@@@@@@@@@@@@@@@@@@@@@@@@@@@
2020-03-23T18:57:16+0000,2020Q1,"Eleven states and the District of Columbia have opened enrollment under the Affordable Care Act to allow laid-off workers to get subsidized health insurance, and the Trump administration, which has been gunning to repeal the law, is considering opening the federal exchange to new customers.",Donald Trump,No JSON found in response: @@@@@@@@@@@@@@@@@@@@@@@@@@@@@@@
2024-05-01T18:46:40+0000,2024Q2,"Trump, who was convicted on 34 counts of falsifying business records to cover up a sex scandal that threatened to derail his 2016 presidential campaign.",Donald Trump,No JSON found in response: @@@@@@@@@@@@@@@@@@@@@@@@@@@@@@@
2022-06-29T19:38:19+0000,2022Q2,"Tuesday’s testimony by Cassidy Hutchinson, an aide to Mark Meadows, the final chief of staff for President Donald Trump, snapped attention back to the Jan.",Donald Trump,No JSON found in response: @@@@@@@@@@@@@@@@@@@@@@@@@@@@@@@
2020-09-27T01:57:47+0000,2020Q3,"— President Trump sought again on Saturday night to cast doubt on the integrity of the presidential election, telling supporters that the only way Democrats can win in Pennsylvania is to “cheat on the ballots” and raising the prospect that a disputed election could be decided by Congress.",Donald Trump,No JSON found in response: @@@@@@@@@@@@@@@@@@@@@@@@@@@@@@@
2020-10-06T14:32:02+0000,2020Q4,"[Read our profile of Kamala Harris, the first woman elected U.S.",Kamala Harris,No JSON found in response: @@@@@@@@@@@@@@@@@@@@@@@@@@@@@@@
2021-07-18T07:00:14+0000,2021Q3,"As protesters hurled rocks outside Haiti’s national palace and set fires on the streets to demand President Jovenel Moïse’s resignation, President Trump invited him to Mar-a-Lago in 2019, posing cheerfully with him in one of the club’s ornate entryways.",Donald Trump,No JSON found in response: @@@@@@@@@@@@@@@@@@@@@@@@@@@@@@@
2020-01-21T19:31:32+0000,2020Q1,"But President Trump and the Swedish climate campaigner Greta Thunberg took unmistakable aim at each other on Tuesday at this conference of business and government figures, reprising their roles as antagonists on the global stage.",Donald Trump,No JSON found in response: @@@@@@@@@@@@@@@@@@@@@@@@@@@@@@@
2024-03-21T21:17:06+0000,2024Q1,Can you even remember politics before the Trump era?,Donald Trump,No JSON found in response: @@@@@@@@@@@@@@@@@@@@@@@@@@@@@@@
2019-10-24T20:27:54+0000,2019Q4,"In announcing a “permanent” cease-fire along the Turkish-Syrian border on Wednesday, President Trump smugly declared that “this was an outcome created by us, the United States, and nobody else.” The president, incapable of irony, was probably not referring to his own abrupt decision on Oct.",Donald Trump,No JSON found in response: @@@@@@@@@@@@@@@@@@@@@@@@@@@@@@@
2024-03-19T09:06:02+0000,2024Q1,"Trump, his Republican rival, “despises Latinos.”",Donald Trump,No JSON found in response: @@@@@@@@@@@@@@@@@@@@@@@@@@@@@@@
2023-01-06T22:42:05+0000,2023Q1,"Trump, increasing the likelihood that he will face a trial this fall.",Donald Trump,No JSON found in response: @@@@@@@@@@@@@@@@@@@@@@@@@@@@@@@
2023-12-07T17:02:11+0000,2023Q4,Trump could become the first former president in U.S.,Donald Trump,No JSON found in response: @@@@@@@@@@@@@@@@@@@@@@@@@@@@@@@
2024-04-13T09:04:23+0000,2024Q2,"Donald Trump leads Joe Biden, 46 percent to 45 percent, among registered voters.",Donald Trump,No JSON found in response: @@@@@@@@@@@@@@@@@@@@@@@@@@@@@@@
2020-09-08T00:30:07+0000,2020Q3,"WASHINGTON — The Trump administration is weighing a ban on some or all products made with cotton from the Xinjiang region of China, a move that could come as soon as Tuesday as the United States looks to punish Beijing over alleged human rights violations, three people familiar with the matter said.",Donald Trump,No JSON found in response: @@@@@@@@@@@@@@@@@@@@@@@@@@@@@@@
2024-11-21T16:13:12+0000,2024Q4,Trump could exploit it to target his political enemies.,Donald Trump,No JSON found in response: @@@@@@@@@@@@@@@@@@@@@@@@@@@@@@@
2021-01-09T03:18:58+0000,2021Q1,An article on Friday about President Trump’s allies in media and politics after the storming of the National Capitol by a pro-Trump mob referred incorrectly to the police shooting of Jacob Blake.,Donald Trump,No JSON found in response: @@@@@@@@@@@@@@@@@@@@@@@@@@@@@@@
2024-05-16T16:30:35+0000,2024Q2,Trump for reportedly meeting with fossil fuel executives and asking them for $1 billion in contributions to his election campaign.,Donald Trump,No JSON found in response: @@@@@@@@@@@@@@@@@@@@@@@@@@@@@@@
2019-07-09T10:00:03+0000,2019Q3,"LOS ANGELES — By reviving the issue of school busing in the first Democratic presidential debate, Senator Kamala Harris socked it to the front-runner, Joe Biden.",Kamala Harris,No JSON found in response: @@@@@@@@@@@@@@@@@@@@@@@@@@@@@@@
2019-07-09T10:00:03+0000,2019Q3,"Harris described her childhood experiences with racism in California, and then accused Mr.",Kamala Harris,No JSON found in response: @@@@@@@@@@@@@@@@@@@@@@@@@@@@@@@
2019-07-09T10:00:03+0000,2019Q3,Harris called “hurtful.” ,Kamala Harris,No JSON found in response: @@@@@@@@@@@@@@@@@@@@@@@@@@@@@@@
2023-12-05T15:56:50+0000,2023Q4,Trump’s threat to ban all Muslims from entering the United States should he become president.,Donald Trump,No JSON found in response: @@@@@@@@@@@@@@@@@@@@@@@@@@@@@@@
2019-05-23T12:13:51+0000,2019Q2,"WASHINGTON — President Trump on Thursday unveiled a $16 billion bailout for farmers hurt by his trade war with Beijing, signaling a protracted fight ahead that is already prompting some American companies to shift business away from China.",Donald Trump,No JSON found in response: @@@@@@@@@@@@@@@@@@@@@@@@@@@@@@@
2020-10-07T00:55:15+0000,2020Q4,"Conley, said on Tuesday that President Trump was experiencing no symptoms of Covid-19 and doing “extremely well” on his first full day at home since a three-night stay in the hospital.",Donald Trump,No JSON found in response: @@@@@@@@@@@@@@@@@@@@@@@@@@@@@@@
2024-08-08T16:00:03+0000,2024Q3,"The size of the crowd at a rally for Vice President Kamala Harris in Atlanta last month rivaled the turnout for Donald Trump days later only “because she had entertainers,” Trump told the audience at his event, referring to the rappers Quavo and Megan Thee Stallion.",Kamala Harris,No JSON found in response: @@@@@@@@@@@@@@@@@@@@@@@@@@@@@@@
2024-08-08T16:00:03+0000,2024Q3,"The size of the crowd at a rally for Vice President Kamala Harris in Atlanta last month rivaled the turnout for Donald Trump days later only “because she had entertainers,” Trump told the audience at his event, referring to the rappers Quavo and Megan Thee Stallion.",Donald Trump,No JSON found in response: @@@@@@@@@@@@@@@@@@@@@@@@@@@@@@@
2020-09-19T21:19:55+0000,2020Q3,"Senator Susan Collins, Republican of Maine, said on Saturday that she was opposed to holding a vote on President Trump’s Supreme Court nominee before the November election, and suggested that were he to lose, his successor should ultimately choose a nominee to replace Justice Ruth Bader Ginsburg.",Donald Trump,No JSON found in response: @@@@@@@@@@@@@@@@@@@@@@@@@@@@@@@
2022-12-19T10:00:07+0000,2022Q4,"Meanwhile, Donald Trump has embarrassed himself with stupid remarks, and maybe this time he will stay embarrassed.",Donald Trump,No JSON found in response: @@@@@@@@@@@@@@@@@@@@@@@@@@@@@@@
2019-09-18T23:47:08+0000,2019Q3,It was a strutting spectacle of contempt for democratic processes worthy of President Trump himself.,Donald Trump,No JSON found in response: @@@@@@@@@@@@@@@@@@@@@@@@@@@@@@@
2019-09-11T00:08:56+0000,2019Q3,"3, an employee at President Trump’s golf course in Bedminster, N.J., heard music blasting across a fairway.",Donald Trump,No JSON found in response: @@@@@@@@@@@@@@@@@@@@@@@@@@@@@@@
2020-10-28T09:00:29+0000,2020Q4,3 victory for Donald Trump.,Donald Trump,No JSON found in response: @@@@@@@@@@@@@@@@@@@@@@@@@@@@@@@
2019-07-10T23:30:13+0000,2019Q3,I believe this is partly because the players are terrific and partly because many Americans are desperate to think about something other than Donald Trump.,Donald Trump,No JSON found in response: @@@@@@@@@@@@@@@@@@@@@@@@@@@@@@@
2022-01-06T17:18:21+0000,2022Q1,Trump encouraged the violence that took place at the Capitol on Jan.,Donald Trump,No JSON found in response: @@@@@@@@@@@@@@@@@@@@@@@@@@@@@@@
2022-01-06T17:18:21+0000,2022Q1,Trump’s most prominent supporters deflected blame for the attack during an appearance on a live online show.,Donald Trump,No JSON found in response: @@@@@@@@@@@@@@@@@@@@@@@@@@@@@@@
2024-04-15T16:29:08+0000,2024Q2,"Trump’s criminal trial on Monday again refused to allow the infamous “Access Hollywood” tape to be played for jurors, but said that the comments Mr.",Donald Trump,No JSON found in response: @@@@@@@@@@@@@@@@@@@@@@@@@@@@@@@
2024-04-15T16:29:08+0000,2024Q2,Trump made on the tape could be introduced as evidence.,Donald Trump,No JSON found in response: @@@@@@@@@@@@@@@@@@@@@@@@@@@@@@@
2019-11-25T18:23:01+0000,2019Q4,"In January 2015, when India was seven months into Narendra Modi’s sectarian reign and the United States was two years from falling to Donald Trump, voters in this South Asian island nation defeated their strongman president Mahinda Rajapaksa.",Donald Trump,No JSON found in response: @@@@@@@@@@@@@@@@@@@@@@@@@@@@@@@
2019-01-17T19:59:58+0000,2019Q1,"WASHINGTON — The Trump administration is asking most State Department employees to return to work on Tuesday, despite the stalemate in funding negotiations between the president and congressional Democrats that has led to a partial government shutdown.",Donald Trump,No JSON found in response: @@@@@@@@@@@@@@@@@@@@@@@@@@@@@@@
2024-01-30T16:59:30+0000,2024Q1,"He vowed to end the harsh practices of the Trump administration, show compassion toward those wishing to come to the United States and secure the southern border.",Donald Trump,No JSON found in response: @@@@@@@@@@@@@@@@@@@@@@@@@@@@@@@
2019-09-18T21:55:15+0000,2019Q3,"He was President Trump’s national finance chairman, and as Treasury secretary has been a strong advocate for tax reform.",Donald Trump,No JSON found in response: @@@@@@@@@@@@@@@@@@@@@@@@@@@@@@@
2023-06-15T18:41:14+0000,2023Q2,"This week, we went inside a courtroom where Donald Trump was indicted, again; met a man who couldn’t give up his pet rats; and found joy in running “Slow AF.” Welcome to your weekly newsletter from New York Times Audio, where app editors share their favorite listens.",Donald Trump,No JSON found in response: @@@@@@@@@@@@@@@@@@@@@@@@@@@@@@@
2020-09-10T12:19:08+0000,2020Q3,"President Trump mocked Joe Biden for his mask wearing at a campaign rally last week, saying, “Did you ever see a man who likes a mask as much as him?”",Donald Trump,No JSON found in response: @@@@@@@@@@@@@@@@@@@@@@@@@@@@@@@
2020-02-22T00:15:28+0000,2020Q1,"WASHINGTON — When the Pentagon announced this month that it would divert billions more dollars in military funding to the construction of President Trump’s border wall, bipartisan outrage ricocheted across Capitol Hill.",Donald Trump,No JSON found in response: @@@@@@@@@@@@@@@@@@@@@@@@@@@@@@@
2020-04-13T23:03:29+0000,2020Q2,"Fauci, the leading public health expert on President Trump’s coronavirus task force, sought on Monday to smooth over a growing rift with the president, taking the podium during the task force’s daily briefing to defend Mr.",Donald Trump,No JSON found in response: @@@@@@@@@@@@@@@@@@@@@@@@@@@@@@@
2020-04-13T23:03:29+0000,2020Q2,"Trump, who has been enraged by reports that he was warned about the potential for a pandemic but oversaw a halting response.",Donald Trump,No JSON found in response: @@@@@@@@@@@@@@@@@@@@@@@@@@@@@@@
2024-05-10T16:16:36+0000,2024Q2,"Trump, for having defied a subpoena from the Jan.",Donald Trump,No JSON found in response: @@@@@@@@@@@@@@@@@@@@@@@@@@@@@@@
2020-05-22T09:01:08+0000,2020Q2,"President Trump said this week that he was taking the antimalarial drug hydroxychloroquine as a measure against Covid-19, the illness caused by SARS-CoV-2.",Donald Trump,No JSON found in response: @@@@@@@@@@@@@@@@@@@@@@@@@@@@@@@
2024-07-05T09:02:56+0000,2024Q3,Trump are proposing that the United States restart the testing of nuclear weapons in underground detonations should the former president be re-elected in November.,Donald Trump,No JSON found in response: @@@@@@@@@@@@@@@@@@@@@@@@@@@@@@@
2019-08-30T21:49:37+0000,2019Q3,Tensions between the White House and Fox News ratcheted up this week after President Trump declared that the network was letting his supporters down and two on-air personalities said they “don’t work” for him.,Donald Trump,No JSON found in response: @@@@@@@@@@@@@@@@@@@@@@@@@@@@@@@
2020-07-08T09:00:32+0000,2020Q3,"WASHINGTON — As the United States struggled with coronavirus testing this spring, Tennessee was the rare state that lived up to President Trump’s promise that “anybody that wants a test can get a test.” Gov.",Donald Trump,No JSON found in response: @@@@@@@@@@@@@@@@@@@@@@@@@@@@@@@
2024-07-30T18:23:46+0000,2024Q3,"Vice President Kamala Harris will hold her first rally with her running mate next Tuesday in Philadelphia, the first stop in a four-day tour of the battleground states next week, her campaign said on Tuesday night.",Kamala Harris,No JSON found in response: @@@@@@@@@@@@@@@@@@@@@@@@@@@@@@@
2020-11-20T13:58:06+0000,2020Q4,"Many readers predicted a Joe Biden landslide, others thought that President Trump would win the Electoral College and some rightly guessed that the results would be too close to call on Election Day.",Donald Trump,No JSON found in response: @@@@@@@@@@@@@@@@@@@@@@@@@@@@@@@
2020-04-17T15:10:42+0000,2020Q2,"Cohen, the disgraced former lawyer for President Trump, was among some of the inmates at a federal prison camp in upstate New York who were told they would be released into home confinement because of concerns about the spread of the coronavirus, several defense lawyers said on Friday.",Donald Trump,No JSON found in response: @@@@@@@@@@@@@@@@@@@@@@@@@@@@@@@
2020-10-01T12:14:15+0000,2020Q4,"Maggie Haberman, White House correspondent for The Times, joined us for a DealBook Debrief call to assess how the Trump administration was managing its pandemic response, re-election campaign and more.",Donald Trump,No JSON found in response: @@@@@@@@@@@@@@@@@@@@@@@@@@@@@@@
2019-07-24T21:22:43+0000,2019Q3,"Mueller III warned lawmakers on Wednesday that Russia was again trying to sabotage American democracy before next year’s presidential election, defended his investigation’s conclusions about Moscow’s sweeping interference campaign in 2016 and publicly rejected President Trump’s criticism that he had conducted a “witch hunt.”",Donald Trump,No JSON found in response: @@@@@@@@@@@@@@@@@@@@@@@@@@@@@@@
2019-01-08T11:16:33+0000,2019Q1,"BRUSSELS — The Trump administration downgraded the diplomatic status of the European Union’s delegation to the United States last year without making a formal announcement or informing the bloc about the change, a European official said on Tuesday.",Donald Trump,No JSON found in response: @@@@@@@@@@@@@@@@@@@@@@@@@@@@@@@
2023-05-15T09:00:25+0000,2023Q2,I also wrote a book about the daily lives of migrants during the Trump years.,Donald Trump,No JSON found in response: @@@@@@@@@@@@@@@@@@@@@@@@@@@@@@@
2023-06-12T15:16:05+0000,2023Q2,Follow for live updates as Donald Trump is scheduled to be arraigned this afternoon in Miami.,Donald Trump,No JSON found in response: @@@@@@@@@@@@@@@@@@@@@@@@@@@@@@@
2021-01-07T17:46:46+0000,2021Q1,Do the actions of President Trump and some of his supporters — including Mr.,Donald Trump,No JSON found in response: @@@@@@@@@@@@@@@@@@@@@@@@@@@@@@@
2021-01-07T17:46:46+0000,2021Q1,"Trump’s effort on Saturday to bully Georgia’s secretary of state into overturning the results of the state’s vote in the presidential election, and then yesterday openly inciting a mob that then attacked the United States Capitol — constitute a coup attempt?",Donald Trump,No JSON found in response: @@@@@@@@@@@@@@@@@@@@@@@@@@@@@@@
2023-08-03T19:01:11+0000,2023Q3,"Trump’s indictment in Florida over his retention of classified documents came at relative warp speed for the Justice Department, the criminal inquiry into his efforts to overturn the results of the 2020 election was slower to unfold.",Donald Trump,No JSON found in response: @@@@@@@@@@@@@@@@@@@@@@@@@@@@@@@
2020-11-18T13:36:01+0000,2020Q4,DETROIT — Mayor Mike Duggan of Detroit on Wednesday accused President Trump’s allies in Michigan’s most populous county of racism after they initially refused to certify the election results over slight discrepancies in majority-Black precincts — while ignoring similar problems in heavily white areas.,Donald Trump,No JSON found in response: @@@@@@@@@@@@@@@@@@@@@@@@@@@@@@@
2019-08-12T15:06:43+0000,2019Q3,"WASHINGTON — The Trump administration on Monday announced that it would change the way the Endangered Species Act is applied, significantly weakening the nation’s bedrock conservation law and making it harder to protect wildlife from the multiple threats posed by climate change.",Donald Trump,No JSON found in response: @@@@@@@@@@@@@@@@@@@@@@@@@@@@@@@
2019-10-31T13:41:05+0000,2019Q4,Trump.,Donald Trump,No JSON found in response: @@@@@@@@@@@@@@@@@@@@@@@@@@@@@@@
2020-03-12T14:40:08+0000,2020Q1,"on Thursday delivered a forceful rebuke of President Trump’s leadership amid the coronavirus crisis, seeking to project steadiness and resolve from his perch as the front-runner for the Democratic presidential nomination.",Donald Trump,No JSON found in response: @@@@@@@@@@@@@@@@@@@@@@@@@@@@@@@
2019-09-29T01:02:13+0000,2019Q3,"A Republican member of the House of Representatives spent Saturday clarifying his support for congressional oversight of a whistle-blower’s complaint against President Trump, which the lawmaker’s office contended was not the same as endorsing the impeachment inquiry being led by Democrats.",Donald Trump,No JSON found in response: @@@@@@@@@@@@@@@@@@@@@@@@@@@@@@@
2021-01-30T16:00:06+0000,2021Q1,6 attack on the building by supporters of former President Donald Trump.,Donald Trump,No JSON found in response: @@@@@@@@@@@@@@@@@@@@@@@@@@@@@@@
2020-07-12T22:00:07+0000,2020Q3,Did President Trump know about U.S.,Donald Trump,No JSON found in response: @@@@@@@@@@@@@@@@@@@@@@@@@@@@@@@
2021-03-30T18:07:20+0000,2021Q1,Trump compounded on Tuesday when the highest court in New York State allowed a defamation suit from a former contestant on his reality television show “The Apprentice” to proceed.,Donald Trump,No JSON found in response: @@@@@@@@@@@@@@@@@@@@@@@@@@@@@@@
2022-02-24T00:44:52+0000,2022Q1,"Hard to avoid thinking about Donald Trump when he’s calling Vladimir Putin’s current behavior “genius.” Just when you’re geared up to block the guy out of your life for a while, he makes a scene.",Donald Trump,No JSON found in response: @@@@@@@@@@@@@@@@@@@@@@@@@@@@@@@
2020-12-11T11:49:29+0000,2020Q4,President Trump’s attempts to overturn the election result are very unlikely to succeed.,Donald Trump,No JSON found in response: @@@@@@@@@@@@@@@@@@@@@@@@@@@@@@@
2020-12-11T11:49:29+0000,2020Q4,"For that reason, the effort can sometimes seem like a publicity stunt — an effort by Trump to raise money and burnish his image with his supporters.",Donald Trump,No JSON found in response: @@@@@@@@@@@@@@@@@@@@@@@@@@@@@@@
2022-11-16T03:30:18+0000,2022Q4,Trump announced his re-election bid on Tuesday night in an address at his Mar-a-Lago resort in Florida.,Donald Trump,No JSON found in response: @@@@@@@@@@@@@@@@@@@@@@@@@@@@@@@
2022-11-16T03:30:18+0000,2022Q4,"We checked the speech for accuracy, and this is what we found.Trump exaggerated his record on oil and gas.“Gas prices have reached the highest levels in history.",Donald Trump,No JSON found in response: @@@@@@@@@@@@@@@@@@@@@@@@@@@@@@@
2022-11-16T03:30:18+0000,2022Q4,Trump said.,Donald Trump,No JSON found in response: @@@@@@@@@@@@@@@@@@@@@@@@@@@@@@@
2024-11-03T00:05:24+0000,2024Q4,said Saturday that among the first acts of a second Trump administration would be to “advise all U.S.,Donald Trump,No JSON found in response: @@@@@@@@@@@@@@@@@@@@@@@@@@@@@@@
2020-04-27T10:59:35+0000,2020Q2,President Trump after signing the latest coronavirus relief package in the Oval Office on Friday.,Donald Trump,No JSON found in response: @@@@@@@@@@@@@@@@@@@@@@@@@@@@@@@
2020-04-13T09:00:10+0000,2020Q2,"President Trump and Joe Biden begin the general election campaign locked in a highly competitive contest that remains fought along the lines of the 2016 presidential election, according to national and battleground state polls.",Donald Trump,No JSON found in response: @@@@@@@@@@@@@@@@@@@@@@@@@@@@@@@
2021-02-01T22:20:49+0000,2021Q1,"Trump’s policies and dislodge his loyalists from positions on boards and civil-service jobs, it has hesitated on a related choice: whether to remove two inspectors general appointed by Mr.",Donald Trump,No JSON found in response: @@@@@@@@@@@@@@@@@@@@@@@@@@@@@@@
2021-02-01T22:20:49+0000,2021Q1,Trump under a storm of partisan controversy.,Donald Trump,No JSON found in response: @@@@@@@@@@@@@@@@@@@@@@@@@@@@@@@
